"","phenotype","season","Vplate","Vplate_constraint","Vmom","Vmom_constraint","VA","VA_constraint","VI","VI_constraint","VR","VR_constraint","heritability","heritability_se","VA_LRT_chi","VA_LRT_p","p_adjust"
"1","c_Alphaproteobacteria","wet",2.22891802145437e-05,"Positive",1.94812798642987e-11,"Boundary",2.8633797642894e-06,"Positive",6.21615675744392e-07,"Positive",0.000192516282976087,"Positive",0.0131172911849182,0.00582550166516222,6.03552243592276,0.0140208007899978,0.0165490098038906
"2","c_Bacilli","wet",0.00219534121775624,"Positive",1.09664972055165e-09,"Boundary",3.64927540890002e-05,"Positive",7.24224110673923e-05,"Positive",0.0108372206240039,"Positive",0.00277691396670951,0.00311982510650926,1.17485700039106,0.278405500566848,0.290005729757133
"3","c_Gammaproteobacteria","wet",0.000158166316546367,"Positive",1.89749781611561e-10,"Boundary",0.000180829166798271,"Positive",1.29302555303729e-05,"Positive",0.00187512950411059,"Positive",0.0811965271004356,0.0155047843599899,37.3546710842711,9.84847203788775e-10,6.15529502367984e-09
"4","f_Acidaminococcaceae","wet",8.97654590741285e-05,"Positive",1.58164894841943e-05,"Positive",9.30648360022184e-05,"Positive",2.43781191508716e-05,"Positive",0.00130156597421161,"Positive",0.0610424982530411,0.0151588563984282,21.8277982531799,2.98247654695327e-06,6.21349280615265e-06
"5","f_Atopobiaceae","wet",7.31588482995784e-05,"Positive",8.26214981971743e-06,"Positive",4.20954623494189e-05,"Positive",1.49045814733542e-05,"Positive",0.00058126425058286,"Positive",0.0584914861907655,0.0146197771089139,23.3376447859337,1.35913729126802e-06,3.0889483892455e-06
"6","f_Bacteroidales_RF16_group","wet",7.41677633071258e-05,"Positive",2.89076426217958e-06,"Positive",0.000112883430690042,"Positive",4.43658253575822e-05,"Positive",0.000892715263227552,"Positive",0.100160711891474,0.0200857108980279,39.8540337610029,2.73668421257867e-10,2.10514170198359e-09
"7","f_Burkholderiaceae","wet",3.9268892694607e-05,"Positive",4.82669005639758e-11,"Boundary",2.48699356239685e-05,"Positive",2.14626117024788e-05,"Positive",0.000476979148807456,"Positive",0.0442068816167782,0.013659748749696,15.9587392246322,6.47382102880734e-05,0.000109725780149277
"8","f_Clostridiaceae_1","wet",0.000471179103350702,"Positive",4.75099765610228e-06,"Positive",8.68219924784299e-05,"Positive",6.77307109476873e-05,"Positive",0.00273010178004836,"Positive",0.0258353837839291,0.00868864205379892,13.0240044010643,0.000307523525942099,0.000473113116833998
"9","f_Clostridiales_vadinBB60_group","wet",6.95272292655794e-05,"Positive",5.32206847919351e-07,"Positive",1.48955096226909e-05,"Positive",1.13352360932492e-05,"Positive",0.000378824831319374,"Positive",0.031351376425618,0.0102464912431074,14.0314192776714,0.000179781410233004,0.000285367317830165
"10","f_Desulfovibrionaceae","wet",3.17677819947073e-05,"Positive",9.18113525438571e-11,"Boundary",9.66659785560481e-05,"Positive",7.6822099546077e-05,"Positive",0.000907290509138569,"Positive",0.0868871385965299,0.0224094119523009,19.9444902680843,7.97233637994665e-06,1.47635858887901e-05
"11","f_Eggerthellaceae","wet",5.43212922405214e-05,"Positive",7.94336550461154e-06,"Positive",3.11559698017034e-05,"Positive",1.5702885789458e-05,"Positive",0.000445232698917892,"Positive",0.0562020756924749,0.0147158056058626,24.696649434336,6.71007268304713e-07,1.63660309342613e-06
"12","f_Enterobacteriaceae","wet",3.60279009212295e-05,"Positive",7.03141753140091e-11,"Boundary",3.15954359631384e-05,"Positive",8.94689140826307e-06,"Positive",0.000694852892945147,"Positive",0.0409573322518015,0.0121287931121509,12.1466182302538,0.0004917695355664,0.000673656898036164
"13","f_Erysipelotrichaceae","wet",9.71167725611435e-05,"Positive",1.87123340943881e-07,"Positive",3.87139124316331e-05,"Positive",2.88160957999379e-05,"Positive",0.0012853432565874,"Positive",0.0266959882421427,0.0100541079109559,8.62382065066049,0.00331795184103645,0.00419993903928665
"14","f_Family_XI_2II","wet",0.0001331799069553,"Positive",1.11851556066665e-06,"Positive",9.15152476374236e-05,"Positive",2.12643215020637e-05,"Positive",0.00123951885418063,"Positive",0.0615602326170376,0.013533440078598,31.5355952003883,1.95817603243498e-08,7.25250382383326e-08
"15","f_Lachnospiraceae","wet",0.000815663009074649,"Positive",2.9892093637675e-05,"Positive",0.000153492607085917,"Positive",0.000251290149178784,"Positive",0.00752150250142144,"Positive",0.0174983356718252,0.00928825618784688,4.18109619170718,0.0408772531848245,0.0449200584448621
"16","f_Pasteurellaceae","wet",7.64979908577942e-05,"Positive",6.31561627862082e-11,"Boundary",5.24899025800048e-05,"Positive",1.45370113501692e-05,"Positive",0.000624116577110279,"Positive",0.0683781420093468,0.0148208325127025,34.9247405195929,3.4269851401092e-09,1.63189768576629e-08
"17","f_Prevotellaceae","wet",0.00141475323072726,"Positive",1.78893049969623e-09,"Boundary",0.00202850091190866,"Positive",0.00122735966534082,"Positive",0.0176784201399013,"Positive",0.0907645831255147,0.0225371556679638,20.2988963482712,6.62387810446141e-06,1.24978832159649e-05
"18","f_Ruminococcaceae","wet",0.000951416248666951,"Positive",7.3790757466814e-10,"Boundary",0.000773611801486918,"Positive",0.000377654409335979,"Positive",0.00729208883833896,"Positive",0.082344925299327,0.0183241140870662,33.8454233604789,5.9669293950293e-09,2.53516078500364e-08
"19","f_vadinBE97","wet",9.0728556102017e-05,"Positive",2.19770969706408e-10,"Boundary",0.000156495821711068,"Positive",0.000212029668101518,"Positive",0.00217180239125173,"Positive",0.0594802173105759,0.0182575770317193,18.4090846830004,1.78206329596309e-05,3.18225588564838e-05
"20","f_Veillonellaceae","wet",0.000540342533132186,"Positive",0.000112501980144573,"Positive",0.000129695361470601,"Positive",0.000282547919038884,"Positive",0.00497290585009233,"Positive",0.0214798771115118,0.0118835336696927,4.54350725685799,0.0330438220894865,0.0371278899881871
"21","g_[Eubacterium]_coprostanoligenes_group","wet",7.32530531725084e-05,"Positive",9.14142887298065e-11,"Boundary",4.00794557930463e-05,"Positive",4.40474593888041e-05,"Positive",0.000903366678152216,"Positive",0.0377841895338795,0.0135207630599588,9.59919012633327,0.00194663206527634,0.00259550942036845
"22","g_[Eubacterium]_hallii_group","wet",6.35834719306757e-05,"Positive",4.50259259217138e-06,"Positive",2.72153440406194e-05,"Positive",1.80296056648865e-05,"Positive",0.000638082069753325,"Positive",0.0362188849526116,0.0125939213645838,9.3614918354142,0.00221591713572034,0.00291568044173729
"23","g_[Eubacterium]_ruminantium_group","wet",2.70460527583575e-05,"Positive",6.87201920355903e-11,"Boundary",1.64526113539728e-05,"Positive",1.39095343132094e-05,"Positive",0.00067910096401518,"Positive",0.0223386356312732,0.00926195944012228,7.59038089679962,0.00586805499414189,0.00733506874267736
"24","g_Acidaminococcus","wet",0.000112819793560773,"Positive",2.41640054865042e-05,"Positive",0.00012306140116449,"Positive",4.05864962888188e-05,"Positive",0.00131649673430488,"Positive",0.0760987184568855,0.018135409168689,25.335810407807,4.8168268118598e-07,1.23508379791277e-06
"25","g_Alloprevotella","wet",0.000102808115916802,"Positive",2.05333464863417e-10,"Boundary",0.000261551486309165,"Positive",0.000111467386928069,"Positive",0.00202912928213452,"Positive",0.104413585126186,0.0225204884052192,29.4627948302659,5.70004845545924e-08,1.78126514233101e-07
"26","g_Bifidobacterium","wet",0.00396901121364965,"Positive",3.42875809258583e-09,"Boundary",0.00300187818657748,"Positive",0.00227651579124906,"Positive",0.0338833879399518,"Positive",0.0695994144784357,0.0173133675733386,27.850458034467,1.31063038311119e-07,3.54224427867889e-07
"27","g_Butyricicoccus","wet",2.74367855976279e-05,"Positive",1.76259029524847e-07,"Positive",1.26335864420857e-06,"Positive",4.22255924367987e-06,"Positive",0.000252598134896982,"Positive",0.00442202127936426,0.00473688894935956,1.18133685707289,0.277084006006595,0.290005729757133
"28","g_CAG-873","wet",0.000129993367146442,"Positive",1.58967769438221e-05,"Positive",0.000318987201381886,"Positive",3.49027890417214e-05,"Positive",0.00174374467177824,"Positive",0.142181267836784,0.0232150030434707,50.7972068539966,1.02418074021671e-12,5.12090370108355e-11
"29","g_Campylobacter","wet",1.70723757430866e-05,"Positive",1.27634297702364e-05,"Positive",2.98423040158021e-05,"Positive",6.91192917613452e-05,"Positive",0.000446917697186259,"Positive",0.0518351943431067,0.0223531644274008,7.50247236208816,0.00616143517705026,0.00760671009512378
"30","g_Candidatus_Methanogranum","wet",0.000510210882555029,"Positive",4.60173802483755e-10,"Boundary",0.00062954278735116,"Positive",0.000455635574599101,"Positive",0.00454749126311234,"Positive",0.102483312089556,0.0233951771407038,29.602973632318,5.30235323425998e-08,1.7401751688374e-07
"31","g_Christensenellaceae_R-7_group","wet",4.70843405443943e-05,"Positive",8.00848471211643e-11,"Boundary",0.000108977619176822,"Positive",3.71768849430441e-05,"Positive",0.000791407812929635,"Positive",0.110676870197866,0.0217099420190715,33.8864502261422,5.84241766077298e-09,2.53516078500364e-08
"32","g_Collinsella","wet",0.000146516832360782,"Positive",2.71440513749045e-06,"Positive",0.000139198364748014,"Positive",0.000151260096034594,"Positive",0.00125683312391724,"Positive",0.0820492143852562,0.0217021559690931,23.6912529922265,1.13095393017293e-06,2.63012541900681e-06
"33","g_Coprococcus_2","wet",3.45846692067414e-05,"Positive",6.97035308771394e-11,"Boundary",2.19129603198883e-05,"Positive",1.43579540520111e-05,"Positive",0.000688818433298499,"Positive",0.0288452123179818,0.00959304901438853,14.5109163821035,0.000139349694720958,0.000228442122493374
"34","g_Coriobacteriaceae_UCG-003","wet",4.89056789207709e-05,"Positive",3.40406392754697e-06,"Positive",3.52818151093532e-05,"Positive",1.91715875939542e-05,"Positive",0.000390858329538391,"Positive",0.0709009093768931,0.0176252501498637,22.7491904454509,1.84581881956802e-06,4.10181959904005e-06
"35","g_Dialister","wet",0.000206468034363759,"Positive",1.02593434299308e-05,"Positive",3.56286070663363e-05,"Positive",4.18595137015949e-05,"Positive",0.00221670460633987,"Positive",0.014189462658245,0.0073367652173774,5.15706638612028,0.0231519714047838,0.026611461384809
"36","g_Elusimicrobium","wet",6.04523510693307e-05,"Positive",2.58234003319972e-07,"Positive",2.00968678983203e-05,"Positive",0.000128577597225402,"Positive",0.00198398215542834,"Positive",0.00916256422854482,0.00996125043403119,0.945343632090953,0.330907374572597,0.341141623270719
"37","g_Enterorhabdus","wet",3.60241130110627e-05,"Positive",2.07746984834174e-06,"Positive",4.34302265381041e-06,"Positive",4.60548962317163e-06,"Positive",0.000234229232672539,"Positive",0.0154402482672337,0.00766951986408168,5.97634776229097,0.0144989966558438,0.0168592984370277
"38","g_Erysipelotrichaceae_UCG-004","wet",9.89252576999151e-05,"Positive",3.4826136148589e-06,"Positive",3.38024504138197e-05,"Positive",2.73076889556435e-05,"Positive",0.000756207579834777,"Positive",0.0367527562158453,0.0120567917866245,14.1080564979638,0.000172602925311849,0.000278391815019111
"39","g_Faecalibacterium","wet",0.000513460718576962,"Positive",3.72784964007146e-10,"Boundary",0.00026762858696011,"Positive",0.000143265120730571,"Positive",0.00368390455452316,"Positive",0.0580758517318355,0.0154471761662273,21.6758400980543,3.22831708077231e-06,6.58840220565778e-06
"40","g_Family_XIII_AD3011_group","wet",5.1766215164632e-05,"Positive",6.7552165271245e-11,"Boundary",8.28158504449093e-05,"Positive",1.40998930371537e-05,"Positive",0.000667558387107775,"Positive",0.101460120198432,0.0182185230838839,47.1218911843753,6.67066402115779e-12,1.41229884929674e-10
"41","g_Family_XIII_UCG-001","wet",8.13877006196331e-05,"Positive",1.63624758120457e-06,"Positive",2.13724228646611e-05,"Positive",1.0869550712648e-05,"Positive",0.000684478513310312,"Positive",0.0267240657477,0.00873584593419903,12.8259291283321,0.000341848709008441,0.000517952589406729
"42","g_GCA-900066575","wet",1.03531303643292e-05,"Positive",1.03716165444798e-06,"Positive",2.54624250256646e-06,"Positive",2.22877988853973e-06,"Positive",0.000106816912092071,"Positive",0.0207041503068412,0.00921164232080011,7.10429804754676,0.0076899333675946,0.00926497996095735
"43","g_Helicobacter","wet",2.40208908186577e-05,"Positive",3.32180461539835e-11,"Boundary",2.82229562526722e-05,"Positive",2.17607952997206e-05,"Positive",0.000328264611865286,"Positive",0.0701593612360295,0.0185827916677821,19.0615390101157,1.26570132423787e-05,2.30127513497795e-05
"44","g_Lachnoclostridium","wet",2.15629755874323e-05,"Positive",1.1879188241634e-06,"Positive",3.36246713316082e-06,"Positive",7.07020741525875e-06,"Positive",0.000268006801602713,"Positive",0.0111639264126491,0.00869231578740676,1.29821702137997,0.254539162147581,0.270786342710193
"45","g_Lachnospira","wet",1.82998862586123e-05,"Positive",5.01424260433818e-06,"Positive",1.75206753545649e-05,"Positive",7.57225740466537e-07,"Positive",0.000294433851769695,"Positive",0.0521408507716202,0.0127771917447755,24.867394498986,6.14123896736096e-07,1.53530974184024e-06
"46","g_Lachnospiraceae_FCS020_group","wet",7.52895462111022e-06,"Positive",1.67429945362711e-11,"Boundary",6.77218786962405e-07,"Positive",2.56553607196507e-06,"Positive",0.00016545622754072,"Positive",0.0038428567800899,0.00520142047726561,0.542674451178755,0.461326455796503,0.465986318986367
"47","g_Lachnospiraceae_ND3007_group","wet",2.87971366484053e-05,"Positive",1.24810293663602e-06,"Positive",1.0199790987871e-05,"Positive",3.26965081122781e-06,"Positive",0.000249237845385385,"Positive",0.0348410006923732,0.0108068179408113,12.3802379565896,0.000433901849070994,0.000602641457043047
"48","g_Lachnospiraceae_NK3A20_group","wet",0.000172733347990555,"Positive",2.43487162370523e-10,"Boundary",3.84224228496823e-05,"Positive",6.55465565933212e-05,"Positive",0.00240616857714115,"Positive",0.0143213821049285,0.00764648116461355,5.09824427016429,0.023950073835013,0.027215992994333
"49","g_Lactobacillus","wet",5.77826998322489e-05,"Positive",1.02641767074901e-10,"Boundary",0.000119838000394716,"Positive",4.69181036917437e-05,"Positive",0.00101431793049541,"Positive",0.0967327271482863,0.0201687588846898,33.1337148892926,8.60339222086282e-09,3.44135688834513e-08
"50","g_Libanicoccus","wet",1.81820521515838e-05,"Positive",4.28332104244152e-06,"Positive",3.91042762251075e-05,"Positive",1.21470111463581e-05,"Positive",0.000228561180925039,"Positive",0.129365341608517,0.0240011299494968,46.9724146697554,7.19924120318183e-12,1.41229884929674e-10
"51","g_Marvinbryantia","wet",2.93994600235479e-05,"Positive",1.56052131632833e-06,"Positive",6.77910632896854e-06,"Positive",5.21872235526957e-06,"Positive",0.000308123366669449,"Positive",0.0193092275490622,0.00855100913349153,7.26448629322113,0.00703313827816088,0.00857699790019619
"52","g_Megasphaera","wet",0.000621330158778975,"Positive",7.85667606061011e-05,"Positive",0.000130885742157254,"Positive",0.000323934958203634,"Positive",0.00480086375737263,"Positive",0.0219769882853281,0.0121748091432493,4.30385311748978,0.0380261269487385,0.042251252165265
"53","g_Olsenella","wet",1.65124444530644e-05,"Positive",2.87220568736675e-06,"Positive",1.6415222643017e-06,"Positive",9.27498959595891e-06,"Positive",0.000178309251785731,"Positive",0.00786884141834985,0.0106578206769786,0.420042238169117,0.516915968993881,0.516915968993881
"54","g_Oribacterium","wet",4.6515246801987e-05,"Positive",9.45583440041234e-11,"Boundary",3.55769418324665e-05,"Positive",4.08225688942984e-05,"Positive",0.00093443659958957,"Positive",0.0336472246536867,0.012156052360045,11.5372620708658,0.000682150261349879,0.000921824677499836
"55","g_Peptococcus","wet",1.15117582118408e-05,"Positive",1.64218033258812e-11,"Boundary",9.84182358986813e-06,"Positive",2.79594495192011e-06,"Positive",0.000162282178485444,"Positive",0.0527904988603315,0.0125447659824653,28.7776040179597,8.11845000114886e-08,2.31955714318539e-07
"56","g_Prevotella_2","wet",0.00010839542962455,"Positive",1.46842241244162e-10,"Boundary",0.000324339301787682,"Positive",8.31403443037878e-05,"Positive",0.00145111217872346,"Positive",0.164891397665454,0.0283202295845717,43.1733976724572,5.00972596739757e-11,5.00972596739757e-10
"57","g_Prevotella_7","wet",2.67482134729333e-05,"Positive",4.38312194723633e-11,"Boundary",1.73716608510895e-05,"Positive",1.5761620544785e-05,"Positive",0.000433145230185432,"Positive",0.0352347214135249,0.0121499034715845,12.7656052782986,0.000353051332631638,0.000519193136222997
"58","g_Prevotella_9","wet",0.00119178453240161,"Positive",1.37744805983382e-09,"Boundary",0.00225963402331916,"Positive",0.000824264000189642,"Positive",0.0136121026092233,"Positive",0.12632272964238,0.026001156723093,28.778884562671,8.11308392689725e-08,2.31955714318539e-07
"59","g_Prevotellaceae_NK3B31_group","wet",8.98118451204361e-05,"Positive",1.49610408992443e-10,"Boundary",6.52158435597316e-05,"Positive",5.7385668002951e-05,"Positive",0.00147846753572595,"Positive",0.038569149419194,0.0130291432105049,12.501781971725,0.000406564040052015,0.000572625408523965
"60","g_Prevotellaceae_UCG-003","wet",9.89998676180369e-05,"Positive",1.65968570995621e-10,"Boundary",0.000232707596371034,"Positive",2.84311978423268e-05,"Positive",0.00164012080322732,"Positive",0.116338695617988,0.019569943750953,47.8515712315493,4.59743354497277e-12,1.41229884929674e-10
"61","g_Prevotellaceae_UCG-004","wet",4.29350345174354e-05,"Positive",6.8541158055087e-11,"Boundary",7.55603056356449e-05,"Positive",4.47295932859416e-05,"Positive",0.000677331729309196,"Positive",0.0898931658303881,0.019753430228556,35.3996073390153,2.68541011649859e-09,1.34270505824929e-08
"62","g_Rikenellaceae_RC9_gut_group","wet",0.000670504837449006,"Positive",1.59813288106819e-05,"Positive",0.00118761144253337,"Positive",0.000442761116608729,"Positive",0.00651302270975031,"Positive",0.13449913809776,0.0246555353249072,45.9200848366308,1.23177024136112e-11,1.5397128017014e-10
"63","g_Ruminiclostridium_6","wet",4.99144766995925e-05,"Positive",9.00703063368619e-11,"Boundary",8.82107954289493e-05,"Positive",4.35827898273984e-05,"Positive",0.000890085287171886,"Positive",0.0823020483265363,0.0187793006013245,29.5695626727538,5.39454302339593e-08,1.7401751688374e-07
"64","g_Ruminiclostridium_9","wet",3.21351711804255e-05,"Positive",8.82430338030016e-07,"Positive",1.35208696510935e-05,"Positive",5.75679289733197e-06,"Positive",0.000350853633844298,"Positive",0.0335381535734034,0.00958032648380414,20.8909967234649,4.86174333236278e-06,9.53283006345643e-06
"65","g_Ruminococcaceae_NK4A214_group","wet",3.03418235901215e-05,"Positive",2.95278722210109e-11,"Boundary",3.31081041433482e-05,"Positive",6.71460208269775e-06,"Positive",0.000291797882058019,"Positive",0.0914683413425553,0.0170436110743567,46.5120930488338,9.10549413646322e-12,1.41229884929674e-10
"66","g_Ruminococcaceae_UCG-002","wet",5.83284403096139e-05,"Positive",4.00984393835141e-11,"Boundary",6.97735920740846e-05,"Positive",5.50336817740801e-05,"Positive",0.000508089706397623,"Positive",0.100941872147019,0.0219889527822443,39.9313753228489,2.63043808956809e-10,2.10514170198359e-09
"67","g_Ruminococcaceae_UCG-003","wet",1.04085164468919e-05,"Positive",1.30649913408216e-11,"Boundary",6.42053835724657e-07,"Positive",3.49999641652376e-06,"Positive",0.000129109770383163,"Positive",0.00446924871800996,0.00600279410782711,0.584042056652834,0.444732310893949,0.45380848050403
"68","g_Ruminococcaceae_UCG-005","wet",6.31110224363551e-05,"Positive",1.00588494000368e-10,"Boundary",5.78154939301216e-05,"Positive",4.28911043439916e-05,"Positive",0.000771336131800293,"Positive",0.0618245797079395,0.016961045592129,16.9614568275283,3.81464180644331e-05,6.57696863179881e-05
"69","g_Ruminococcaceae_UCG-008","wet",0.000152044465775212,"Positive",1.23763485279958e-10,"Boundary",3.080592231594e-05,"Positive",1.54189745802925e-05,"Positive",0.00122304521675331,"Positive",0.0216742444490564,0.00761752189137605,12.7662423238944,0.000352931114678268,0.000519193136222997
"70","g_Ruminococcaceae_UCG-009","wet",1.69971644560517e-05,"Positive",1.08358525996498e-11,"Boundary",3.38242174178118e-05,"Positive",2.21186534114558e-05,"Positive",0.000263016843139246,"Positive",0.100680231598385,0.0221775777627377,32.1421152353287,1.43297066435011e-08,5.51142563211581e-08
"71","g_Ruminococcaceae_UCG-010","wet",1.79052594406425e-05,"Positive",2.053997300734e-11,"Boundary",1.82328900927309e-05,"Positive",8.94235904554567e-06,"Positive",0.000202978412267915,"Positive",0.073502249065474,0.0170719454260652,31.0063078440289,2.57191211661123e-08,8.86866247107321e-08
"72","g_Ruminococcaceae_UCG-011","wet",1.04896710545329e-05,"Positive",1.45608863076292e-11,"Boundary",2.1321445713596e-05,"Positive",7.43193664829738e-06,"Positive",0.000143892379161357,"Positive",0.11642446094803,0.021746920326713,41.7394995629002,1.04280806212387e-10,9.48007329203518e-10
"73","g_Ruminococcaceae_UCG-013","wet",3.50576416675914e-05,"Positive",4.10153353623029e-11,"Boundary",1.75854108925828e-05,"Positive",3.3580354037882e-05,"Positive",0.000405318334522703,"Positive",0.0357760246060098,0.0144593631149383,8.78163055317418,0.00304279087315351,0.0039010139399404
"74","g_Ruminococcaceae_UCG-014","wet",0.000270827946472098,"Positive",3.11147131916886e-10,"Boundary",0.000347435739875386,"Positive",0.000240594140151866,"Positive",0.00307479229868687,"Positive",0.0883239996788426,0.0200421541657571,35.8241931445009,2.15949580439911e-09,1.13657673915743e-08
"75","g_Ruminococcus_1","wet",9.1621222459146e-05,"Positive",1.14043162927264e-10,"Boundary",0.000116842421966097,"Positive",2.40799431722654e-05,"Positive",0.00112698785595848,"Positive",0.0859431480740568,0.0173078679087873,36.5778902719394,1.46686085500392e-09,8.149226972244e-09
"76","g_Senegalimassilia","wet",2.03374607297079e-05,"Positive",1.63012321924916e-06,"Positive",2.09595057661088e-05,"Positive",1.39585261564207e-05,"Positive",0.000247403679986168,"Positive",0.0688801941160413,0.0168141240506966,29.2182081890496,6.46686251215556e-08,1.95965530671381e-07
"77","g_Slackia","wet",1.47572130360344e-05,"Positive",8.6264408072781e-07,"Positive",1.53358279036731e-05,"Positive",8.51754854868415e-06,"Positive",0.000178980903435896,"Positive",0.0702015906584593,0.0171346303336238,26.221271487826,3.04450401222844e-07,8.01185266375905e-07
"78","g_Solobacterium","wet",5.64642236294117e-05,"Positive",3.07996765518804e-06,"Positive",3.71387135899486e-05,"Positive",2.47989180190453e-05,"Positive",0.000714402088045914,"Positive",0.0444304682790291,0.0135985928699387,14.9063068705727,0.000112984624271562,0.00018830770711927
"79","g_Streptococcus","wet",2.37333481366637e-05,"Positive",5.56172416192472e-11,"Boundary",5.693210192066e-05,"Positive",6.29620700143167e-06,"Positive",0.000549616077614203,"Positive",0.0894346343668478,0.0169683825226215,37.5252780361334,9.0235918737136e-10,6.01572791580907e-09
"80","g_Succinivibrio","wet",0.000129622852706019,"Positive",1.33655618248524e-10,"Boundary",0.000130570367190507,"Positive",7.99294192578976e-05,"Positive",0.00132080043012118,"Positive",0.0786131273017768,0.0195119438277493,22.6138695995396,1.9804970978754e-06,4.30542847364217e-06
"81","g_Treponema_2","wet",7.78096431829421e-05,"Positive",4.26136092168779e-10,"Boundary",0.000199001392519099,"Positive",0.00023769905199044,"Positive",0.0025806029094377,"Positive",0.0642953473120519,0.0202575688133944,12.7372927117103,0.00035843616058695,0.000519472696502826
"82","o_Bacteroidales","wet",0.00144462092568865,"Positive",1.67511014892438e-09,"Boundary",0.000586443207724789,"Positive",0.000765009518730211,"Positive",0.0165536341396865,"Positive",0.0303075975753925,0.0119136923748906,8.95539361070405,0.00276651573780762,0.00359287758156834
"83","o_Betaproteobacteriales","wet",4.08773473927614e-05,"Positive",5.83544001996097e-11,"Boundary",6.48329580027865e-05,"Positive",3.51476387467901e-05,"Positive",0.000576664998397543,"Positive",0.0903566267868518,0.0196126437455487,33.8074996451905,6.08438588400873e-09,2.53516078500364e-08
"84","o_Campylobacterales","wet",3.66013232782427e-05,"Positive",5.88487540001943e-11,"Boundary",3.46122522740374e-05,"Positive",4.44032622446349e-05,"Positive",0.000581550260394014,"Positive",0.0496469920083561,0.0169087370305534,12.6795334785857,0.000369679795354294,0.000528113993363277
"85","o_Clostridiales","wet",0.00246557926792953,"Positive",1.64433171865801e-09,"Boundary",0.00121260809610123,"Positive",0.000909828199060853,"Positive",0.0162494780969627,"Positive",0.0581935630164723,0.0158807570514548,20.3824745136953,6.34078367467428e-06,1.2193814758989e-05
"86","o_Coriobacteriales","wet",0.000219403352292434,"Positive",2.60432389567108e-05,"Positive",0.000189388061133003,"Positive",0.00012553296787167,"Positive",0.00165832954109211,"Positive",0.0853600321993084,0.0204021755781841,28.2633451821093,1.05882116741007e-07,2.94116990947242e-07
"87","o_Gastranaerophilales","wet",0.000146211237274483,"Positive",2.75458185335679e-10,"Boundary",3.8664908838935e-05,"Positive",0.000163390563201876,"Positive",0.00272210996020574,"Positive",0.0125928866493611,0.00924883330993516,2.42441608670924,0.119457746898626,0.128449190213576
"88","o_Lactobacillales","wet",7.86034610738878e-05,"Positive",1.32758706153866e-10,"Boundary",0.000152124315288639,"Positive",4.16816476814043e-05,"Positive",0.00131193704004503,"Positive",0.0960170682294623,0.0189533368653243,37.0467098217923,1.15333020911379e-09,6.78429534772818e-09
"89","o_Mollicutes_RF39","wet",0.000335185511019741,"Positive",3.50874012974561e-10,"Boundary",0.000495983000829879,"Positive",0.000301026823986695,"Positive",0.00346737797728351,"Positive",0.107832385577931,0.022807994254675,37.8727717725051,7.55118079176498e-10,5.39370056554641e-09
"90","o_WCHB1-41","wet",0.00291605079495031,"Positive",2.03679835338963e-09,"Boundary",0.0025795453589026,"Positive",0.00107349427882247,"Positive",0.0201278792203473,"Positive",0.0966231447099346,0.0215340084444331,22.0678141825483,2.63185794469045e-06,5.59969775466053e-06
"91","asv_richness","wet",4412.27161104766,"Positive",0.000320023497106085,"Boundary",715.792851727641,"Positive",338.18592803114,"Positive",3162.50957622029,"Positive",0.0829543095317968,0.0160569026895131,59.3217507307272,1.34336985979644e-14,1.34336985979644e-12
"92","p_Cyanobacteria","wet",0.000408261264255817,"Positive",1.76476930458834e-06,"Positive",7.15358984098099e-05,"Positive",7.44307982657177e-05,"Positive",0.0031766985435286,"Positive",0.0191646973090447,0.00837623258557354,6.02975841629814,0.014066658333307,0.0165490098038906
"93","p_Firmicutes","wet",0.00208135506292518,"Positive",1.65667094636656e-09,"Boundary",0.00086331822847961,"Positive",0.000681165793475428,"Positive",0.0163714157863646,"Positive",0.0431718334599765,0.0127493360108668,17.1478650257268,3.45797868775977e-05,6.06662927677153e-05
"94","p_Proteobacteria","wet",0.000169868474773112,"Positive",2.16029521244341e-10,"Boundary",0.000221331916520889,"Positive",4.36026851701708e-05,"Positive",0.00213482896055923,"Positive",0.0861336933555102,0.0174393748862402,31.0622548585889,2.49883647107652e-08,8.86866247107321e-08
"95","pc1_bc","wet",0.00344319910656015,"Positive",6.07415709826258e-09,"Boundary",0.00605097464283367,"Positive",0.00239993135662142,"Positive",0.0220888955694372,"Positive",0.178058836506667,0.0303775880162538,46.3509339046141,9.88609194507717e-12,1.41229884929674e-10
"96","pc2_bc","wet",0.00370991266199079,"Positive",2.08958883341899e-09,"Boundary",0.00180419020130695,"Positive",0.00154250530354132,"Positive",0.0206495609097726,"Positive",0.0651187127403563,0.0173026137479789,24.3097401980704,8.20232511800079e-07,1.95293455190495e-06
"97","pc3_bc","wet",0.000545748600579135,"Positive",7.84437098036034e-05,"Positive",0.000162494637130847,"Positive",0.00032070961440092,"Positive",0.00991118508846243,"Positive",0.0147473279489913,0.00909842481232196,3.16308866661711,0.0753205532937846,0.0818701666236789
"98","pc4_bc","wet",0.000748218286174516,"Positive",1.03827228323179e-09,"Boundary",0.000818800211122123,"Positive",0.000297835477450083,"Positive",0.0102603279700933,"Positive",0.0675288952144089,0.0167349438946752,21.5527760868135,3.44224052728492e-06,6.88448105456984e-06
"99","pc5_bc","wet",0.000369104291148726,"Positive",4.55274972348774e-05,"Positive",0.000218711265572472,"Positive",5.26879508505853e-05,"Positive",0.00775745601615609,"Positive",0.0259029551451284,0.008705841850507,13.0468959543359,0.000303787472788475,0.000473113116833998
"100","asv_shannon_h","wet",0.0460197040402172,"Positive",3.12714871696974e-08,"Boundary",0.0382476734693469,"Positive",0.0131567877844448,"Positive",0.309028488630116,"Positive",0.0941011705973588,0.0187929518520312,45.0968630998577,1.87525550643386e-11,2.08361722937096e-10
