"","phenotype","Vplate","Vplate_constraint","Vmom","Vmom_constraint","VA","VA_constraint","VI","VI_constraint","VR","VR_constraint","heritability","heritability_se","VA_LRT_chi","VA_LRT_p","p_adjust"
"1","asv_10036",3.42626540312002e-05,"Boundary",7.3418786672534e-11,"Positive",6.12008711222026e-05,"Positive",3.40653782913597e-05,"Positive",0.000725533024999708,"Positive",0.0715747758511551,0.015015027290874,40.3688303672971,2.10269024414345e-10,7.8992957820524e-10
"2","asv_10248",4.12517601052209e-05,"Boundary",3.79047533022045e-10,"Positive",6.9816421261289e-05,"Positive",3.65668994653743e-05,"Positive",0.00064356599612986,"Positive",0.0882410171657601,0.0178639104150034,34.893577999057,3.48227557900316e-09,1.008408969753e-08
"3","asv_10260",9.63793371602735e-05,"Boundary",1.86276635749716e-10,"Positive",0.000162013046579584,"Positive",5.5243319716158e-05,"Positive",0.00184080747105046,"Positive",0.0751994921419954,0.0148908416162987,35.6308735580533,2.38477859682007e-09,7.20617880343456e-09
"4","asv_10273",3.14228632183927e-05,"Positive",8.83088547237508e-07,"Positive",5.85301078832259e-05,"Positive",3.25868945380733e-05,"Positive",0.000563002467390244,"Positive",0.0852679782003754,0.0165694831008262,44.6643836022995,2.33872921029388e-11,1.20401244529944e-10
"5","asv_10276",4.04227249382236e-05,"Boundary",7.46963159558895e-11,"Positive",6.04219232569833e-05,"Positive",3.04077517595308e-05,"Positive",0.00073815771858955,"Positive",0.0694976016231983,0.0141883644171625,38.7363516831247,4.85090190238679e-10,1.60541753436134e-09
"6","asv_10334",8.18065308093544e-06,"Boundary",1.29571576134431e-11,"Positive",8.31200216967815e-06,"Positive",5.38859126900812e-06,"Positive",0.000128044144894541,"Positive",0.0554409187991369,0.0126809881409175,30.3731298501662,3.56431408832236e-08,8.12196161109522e-08
"7","asv_10347",1.84407837276917e-05,"Boundary",2.59430586912701e-11,"Positive",7.40428112849554e-06,"Positive",2.86818322441754e-06,"Positive",0.000256372336061278,"Positive",0.0259721321124887,0.00699739193325799,22.3582000975148,2.26244953127619e-06,3.6997704099693e-06
"8","asv_10464",9.57476514019297e-06,"Positive",3.74590115601889e-06,"Positive",4.49754399621915e-05,"Positive",1.15912170265962e-05,"Positive",0.000215485653521179,"Positive",0.157602308619215,0.0237769651045277,66.1084676642204,4.44089209850063e-16,1.54321000422897e-14
"9","asv_10529",3.92053942544412e-05,"Boundary",5.34570855251238e-11,"Positive",2.8989938871564e-05,"Positive",1.14563501893218e-05,"Positive",0.000528269162792098,"Positive",0.0476870245657472,0.0111938995928569,27.1044985253538,1.92748887961613e-07,3.77353456713581e-07
"10","asv_10584",2.11116297026274e-05,"Positive",3.46191072649258e-07,"Positive",7.93531277345008e-06,"Positive",3.18294902878202e-06,"Positive",0.000202474683840924,"Positive",0.0337599953166024,0.00879929336902486,19.3326102937572,1.09814765300031e-05,1.65915786703308e-05
"11","asv_1061",3.11158024897022e-05,"Boundary",1.68915343170589e-10,"Positive",5.47823631475495e-05,"Positive",0.000112803677759864,"Positive",0.00166924115003482,"Positive",0.0293276392193376,0.0122923030886515,6.72247947695723,0.00952051786039532,0.0104200943511413
"12","asv_10630",1.84524018329164e-05,"Boundary",6.21783267528119e-11,"Positive",1.76251030224177e-05,"Positive",7.7824559380882e-06,"Positive",0.000614453487219839,"Positive",0.0267731145564493,0.00759060628695505,17.5102373094123,2.85764827330226e-05,4.09498051535066e-05
"13","asv_10636",1.33278444431216e-05,"Boundary",5.01712375318106e-11,"Positive",6.94686611244557e-06,"Positive",1.35177642006167e-05,"Positive",0.000495798029144645,"Positive",0.0131174282830963,0.00656115671063954,5.12578287351062,0.0235729347860808,0.0250125033226354
"14","asv_135",5.28329905527393e-05,"Positive",8.12493323758173e-06,"Positive",1.11382435381072e-05,"Positive",4.03389354727885e-05,"Positive",0.000973549495700449,"Positive",0.0102563549736107,0.00759827653270392,2.12715001105971,0.144709596421129,0.14899728816694
"15","asv_1543",0.00186680622188495,"Boundary",2.15438271714367e-09,"Positive",0.00315889487336056,"Positive",0.000963893872526685,"Positive",0.0212898616364779,"Positive",0.115797564068638,0.0199950636145666,41.1282857423648,1.42558298499296e-10,5.82811867394179e-10
"16","asv_1874",0.000367079878480188,"Boundary",2.01826062852692e-10,"Positive",0.000690838030918847,"Positive",0.000430006358638903,"Positive",0.00436192205879936,"Positive",0.118095069252474,0.0219111852345762,45.9527990383503,1.21136434216851e-11,7.01581848172594e-11
"17","asv_193",6.32080061918247e-05,"Boundary",3.93938145991384e-10,"Positive",3.71896167119245e-05,"Positive",4.24442471593881e-05,"Positive",0.000856382364982488,"Positive",0.0372184748385825,0.0106483856702774,21.073872033201,4.4191282546624e-06,6.98021394770538e-06
"18","asv_209",7.52479107931239e-05,"Positive",2.98403479161779e-06,"Positive",4.83698508403779e-05,"Positive",2.3771359727612e-05,"Positive",0.000861690225639721,"Positive",0.0477933019913344,0.0114470693234028,25.2686302218353,4.98754773370358e-07,8.88806583313843e-07
"19","asv_226",9.87337950744453e-05,"Positive",9.9166995677217e-06,"Positive",9.25202481762843e-05,"Positive",2.27165605650073e-05,"Positive",0.00168686397845773,"Positive",0.0484208745824483,0.0107008605627726,32.8518221988197,9.94578019941628e-09,2.51356990494339e-08
"20","asv_245",6.56237322261146e-05,"Positive",3.17752700324164e-06,"Positive",2.1259734061628e-05,"Positive",1.15772471966405e-05,"Positive",0.00077569798560826,"Positive",0.0242321397763695,0.00730189402954837,16.7388367508247,4.28938945252755e-05,6.08392993776866e-05
"21","asv_2748",2.95459128745866e-05,"Positive",2.74719925595083e-08,"Positive",7.12678856822543e-05,"Positive",4.9954553243159e-05,"Positive",0.000701955004328279,"Positive",0.0835741031636446,0.0168276633314456,48.5354324039799,3.24373861104732e-12,2.50488703853099e-11
"22","asv_2767",6.08102536871944e-05,"Positive",4.2702149533793e-06,"Positive",0.000129498171635836,"Positive",0.000183727888969599,"Positive",0.00203200390302315,"Positive",0.053726760628888,0.0162972963036591,13.407594852717,0.000250607538862302,0.00032555558786785
"23","asv_2791",3.81698893111337e-05,"Positive",5.37166522555417e-06,"Positive",9.45197733022766e-05,"Positive",4.28151171956002e-05,"Positive",0.000600822425894542,"Positive",0.120915837053638,0.022747341569078,41.0624570768559,1.47441392428505e-10,5.85552958501775e-10
"24","asv_2809",4.44588279067258e-05,"Boundary",1.0324827994687e-10,"Positive",9.3439510808546e-05,"Positive",7.31211898061781e-05,"Positive",0.00102031156153515,"Positive",0.0758849538748022,0.0178119595922785,26.3493375204707,2.84916619630593e-07,5.35181217954763e-07
"25","asv_2859",5.53471116156179e-06,"Positive",2.83103103699465e-07,"Positive",9.4383503278208e-06,"Positive",3.86399479569901e-06,"Positive",0.00012556666156,"Positive",0.0652329650062735,0.0144357399871701,26.0468792782049,3.33227030302474e-07,6.01539704052518e-07
"26","asv_2888",0.00019321695410326,"Positive",1.83576735334528e-05,"Positive",0.000229747512938133,"Positive",0.000332346134304964,"Positive",0.00269957808302549,"Positive",0.0661477733692039,0.0202130283819831,15.9119055721676,6.63599743050414e-05,9.04317296902034e-05
"27","asv_2910",9.53344911983027e-05,"Boundary",5.06189972541674e-10,"Positive",0.000134319051426999,"Positive",5.64355536417033e-05,"Positive",0.000887704463936643,"Positive",0.114431530429935,0.0209788636173605,45.0356243589049,1.934818971705e-11,1.03438398871921e-10
"28","asv_2919",0.00016060067957135,"Boundary",1.22325493222483e-09,"Positive",0.000194388533431343,"Positive",0.000153462201314091,"Positive",0.00232267064087723,"Positive",0.0686612748060342,0.01716435283157,18.6282623986917,1.58848113767096e-05,2.34892423549217e-05
"29","asv_2952",4.28815078970517e-05,"Boundary",1.24313136731337e-10,"Positive",5.40165626255317e-05,"Positive",4.69111387686846e-05,"Positive",0.00122847693659354,"Positive",0.0393624594216338,0.0116561040731262,14.1393272286077,0.000169757426726425,0.000222606436933708
"30","asv_2992",3.42261683447354e-05,"Positive",9.5505623650108e-06,"Positive",6.97534865494505e-05,"Positive",8.0951421458181e-05,"Positive",0.000865112028045118,"Positive",0.06583041097497,0.0183056490102559,17.5671284490963,2.77341259656838e-05,4.01567032211464e-05
"31","asv_3018",0.000284081881771067,"Boundary",1.94506359260587e-10,"Positive",0.00065301107986807,"Positive",0.00015768911584533,"Positive",0.00367094744276724,"Positive",0.137022264994569,0.0215075211066235,50.7187796274229,1.06592512594261e-12,1.02263382946906e-11
"32","asv_3053",0.000115750728068267,"Positive",2.44351415785563e-05,"Positive",0.000244553000220302,"Positive",0.000179604160197604,"Positive",0.00252972078083337,"Positive",0.0790394171441851,0.0188727159927078,24.3987616227241,7.83190223896391e-07,1.36079301401998e-06
"33","asv_3092",0.000139267760221438,"Boundary",1.0874660122955e-09,"Positive",0.000227824178848169,"Positive",0.000119415296524246,"Positive",0.00175092828870479,"Positive",0.101823746715436,0.0200173003968756,36.6388588898844,1.42169231942546e-09,4.49125528182134e-09
"34","asv_3109",0.000372538038354909,"Boundary",5.89729188527468e-10,"Positive",0.00161276460937956,"Positive",0.000249799419403118,"Positive",0.00582777271969032,"Positive",0.200023507007028,0.0267431656354745,61.0618186948122,5.55111512312578e-15,1.10229286016355e-13
"35","asv_3140",0.000120982014237318,"Positive",4.84817435082198e-05,"Positive",0.000179335551416394,"Positive",0.00015695825090472,"Positive",0.00174579215596556,"Positive",0.0796498296881613,0.0204145012053403,21.719335439353,3.15594264943542e-06,5.10088404966887e-06
"36","asv_3184",2.90989659328897e-05,"Boundary",8.4093633757008e-11,"Positive",0.000124442901569859,"Positive",3.53546881082055e-05,"Positive",0.000831023110679715,"Positive",0.122012444138834,0.0196258365570992,57.9031907631725,2.75335310107039e-14,4.25240090054204e-13
"37","asv_3197",2.56505268157424e-05,"Boundary",4.67654798678521e-11,"Positive",1.98505431444561e-05,"Positive",1.31529716169471e-05,"Positive",0.000462141934126771,"Positive",0.0381157733316263,0.0103294617927455,20.622796723037,5.5926194081346e-06,8.73454042394056e-06
"38","asv_3230",0.000191467768086343,"Boundary",3.9455031134332e-10,"Positive",0.000130482589241837,"Positive",0.000476693737829875,"Positive",0.00389899225902878,"Positive",0.0277762194526671,0.0149204715769468,3.41011700418312,0.0647978519271564,0.0677210632922912
"39","asv_3291",0.000137225637281473,"Positive",2.64282873196392e-05,"Positive",0.000169089586098396,"Positive",0.000174857426706173,"Positive",0.00175135723447012,"Positive",0.0748529070628991,0.0198272710041957,18.9260403693479,1.35885128079716e-05,2.03097126914844e-05
"40","asv_3366",1.75214232524919e-05,"Boundary",9.25644864260416e-11,"Positive",4.71025293783671e-05,"Positive",0.000122753762103948,"Positive",0.000914733066126173,"Positive",0.0427384671670718,0.0169312172225556,9.12274832362891,0.00252450414254324,0.00285289492531309
"41","asv_3417",8.34896027788366e-06,"Boundary",3.06142294387098e-11,"Positive",2.21858045161044e-05,"Positive",8.65420610307782e-06,"Positive",0.000302533390966697,"Positive",0.0649234729840927,0.0126313982279046,48.7775036683452,2.86715096109447e-12,2.34431755054195e-11
"42","asv_375",6.04783712648713e-05,"Positive",3.47417066670646e-05,"Positive",0.000241345519123507,"Positive",0.000235013073788307,"Positive",0.00287972789685947,"Positive",0.0699287398523158,0.0187166883891948,17.7446494543692,2.52627004706518e-05,3.69633196360064e-05
"43","asv_3752",2.79301548216166e-05,"Positive",7.25337462351761e-06,"Positive",3.94482932357788e-05,"Positive",2.05371926085788e-05,"Positive",0.00047988900862399,"Positive",0.0685988049820062,0.0144303456902035,43.7790685652435,3.67615937690857e-11,1.76202121858721e-10
"44","asv_3764",9.37843919976328e-05,"Positive",1.69620420446501e-05,"Positive",6.22460637848977e-05,"Positive",5.21437600955945e-05,"Positive",0.00171220777075377,"Positive",0.0321295871376131,0.00979961842586818,16.6331398542388,4.53516414037347e-05,6.36755369203952e-05
"45","asv_3782",2.09375748629282e-05,"Boundary",5.56164874249767e-11,"Positive",3.934503296245e-06,"Positive",4.8566414680481e-05,"Positive",0.000549608624578335,"Positive",0.006314936439054,0.00882192910740028,0.495847378959297,0.481330452833212,0.481330452833212
"46","asv_3788",1.38946886579783e-05,"Boundary",2.34312151955916e-10,"Positive",4.41792378710204e-06,"Positive",3.44996485178635e-05,"Positive",0.000406169018395161,"Positive",0.00962549395894837,0.00834805749972106,1.82275317398307,0.176985908129665,0.17956964401477
"47","asv_3800",1.15320213540319e-05,"Positive",1.35100175380796e-06,"Positive",1.72712481775399e-05,"Positive",1.32758199915476e-05,"Positive",0.000204271419097482,"Positive",0.0697260511307897,0.0159580133922632,33.088095024752,8.8076350657218e-09,2.26715050765802e-08
"48","asv_3827",1.76610716172643e-05,"Boundary",3.54015984601043e-11,"Positive",1.01354724275043e-05,"Positive",2.78699350098866e-05,"Positive",0.000349842730786959,"Positive",0.02499442995788,0.0119396802179798,5.30022664868739,0.0213226496580599,0.0227988330959255
"49","asv_3846",0.000149094725457626,"Positive",8.99922119521159e-06,"Positive",0.000327447737543138,"Positive",8.78725103901445e-05,"Positive",0.00245001280817752,"Positive",0.108303503687645,0.0179748954873469,52.1769724410551,5.07149877648772e-13,6.00951695813497e-12
"50","asv_3852",9.60849597187447e-05,"Boundary",1.65448215423098e-10,"Positive",9.54014466849874e-05,"Positive",5.61319271486873e-05,"Positive",0.00163497858868363,"Positive",0.0506754458025527,0.011756862637521,30.5036503230367,3.33238895366961e-08,7.72003440933459e-08
"51","asv_389",8.61567790861393e-05,"Positive",1.19235536519757e-07,"Positive",4.00015645923936e-05,"Positive",0.000259544632122489,"Positive",0.00268711972327512,"Positive",0.0130173512690977,0.0101788473403418,2.10015762444527,0.147283954506402,0.150532865267572
"52","asv_3901",3.85141778036919e-05,"Boundary",9.56292804543247e-11,"Positive",3.57218445378555e-05,"Positive",4.36285202978959e-05,"Positive",0.000945019718672736,"Positive",0.0336084018026647,0.0113997395106724,9.58047445440025,0.00196657579258064,0.0023165596200738
"53","asv_3916",1.92497013051919e-05,"Boundary",2.88065916232275e-11,"Positive",1.5373773349496e-05,"Positive",1.44741683480366e-05,"Positive",0.000284670102947237,"Positive",0.046061287254917,0.012371927265384,22.7056662229152,1.88810290646657e-06,3.16200366263679e-06
"54","asv_403",9.66803539979905e-05,"Positive",1.14857192481822e-05,"Positive",0.000414796119102453,"Positive",0.000247732242243613,"Positive",0.00248129317111492,"Positive",0.12755156826997,0.0245187884858329,44.4589955175616,2.59741117503154e-11,1.28942911903351e-10
"55","asv_411",6.24114840846468e-05,"Boundary",1.60261292663884e-10,"Positive",0.000151563739319182,"Positive",0.000111224745599801,"Positive",0.00158372081215951,"Positive",0.0793975989419896,0.0173469023133594,35.7311158497905,2.26517038459662e-09,6.99685963242066e-09
"56","asv_4307",4.10548999386311e-05,"Positive",6.83176145427167e-06,"Positive",4.67355270521637e-05,"Positive",3.49449918737153e-05,"Positive",0.000703488124280286,"Positive",0.0561013498073295,0.0139317971212084,26.2263187816279,3.03655713906892e-07,5.62775256440773e-07
"57","asv_4464",8.66330164460728e-06,"Boundary",2.49367221985509e-11,"Positive",4.52562358064818e-05,"Positive",2.87819248127568e-05,"Positive",0.000246427601303038,"Positive",0.137502996202008,0.0260684899987334,35.0074373771204,3.28448390707337e-09,9.71368644857868e-09
"58","asv_4475",6.07696838342075e-06,"Boundary",2.79937279199458e-12,"Positive",1.36352121737091e-05,"Positive",1.48054065209645e-05,"Positive",0.000175170869193855,"Positive",0.0650260497601889,0.0182643424200148,16.4535465884546,4.98568227506047e-05,6.93009836233405e-05
"59","asv_461",3.70184813838374e-05,"Boundary",3.41950904173622e-11,"Positive",1.45587575266638e-05,"Positive",5.46310176306668e-06,"Positive",0.000337919877391935,"Positive",0.0368613232428714,0.00866769658703528,29.0483902040578,7.05927368782611e-08,1.50959852708897e-07
"60","asv_4629",0.000347459820014055,"Positive",5.35222659130623e-06,"Positive",0.000797487678320756,"Positive",0.000238591613908158,"Positive",0.00513253424234676,"Positive",0.122287323284356,0.0195549144273717,62.0622083049238,3.33066907387547e-15,7.71605002114484e-14
"61","asv_4897",4.21853776255091e-05,"Boundary",2.38549131691325e-10,"Positive",6.21215504875617e-05,"Positive",4.9305853685452e-05,"Positive",0.000561233558654147,"Positive",0.0869019343623454,0.019324364570087,26.9774825252389,2.05839483125025e-07,3.97384557699702e-07
"62","asv_513",1.08302779079657e-05,"Positive",1.02069197871812e-07,"Positive",1.92787544507492e-05,"Positive",7.81714834013154e-06,"Positive",0.000196314192482335,"Positive",0.0822674469679095,0.0152899079213441,47.7444159087609,4.85567142050058e-12,3.55230698657674e-11
"63","asv_5219",3.87645725360705e-05,"Boundary",6.10062505494286e-11,"Positive",6.06218303936274e-05,"Positive",2.98186750782593e-05,"Positive",0.000602870893282898,"Positive",0.0828081069713599,0.0160055052316092,46.8174675982009,7.79154518681935e-12,5.15726086175185e-11
"64","asv_5232",8.47856151070755e-05,"Positive",2.26957640848497e-05,"Positive",0.000121861818940397,"Positive",7.01681576040636e-05,"Positive",0.00163216171906583,"Positive",0.0630861508243959,0.0142961829937027,33.1774289542373,8.41213354529913e-09,2.20620106188034e-08
"65","asv_5270",3.57488623499337e-05,"Boundary",3.63115165540089e-11,"Positive",2.46316335925658e-05,"Positive",1.05252750863385e-05,"Positive",0.000358834647666723,"Positive",0.0573174652411072,0.0120005152979754,41.7184238864284,1.05411013251455e-10,4.7264938199846e-10
"66","asv_5287",1.31856316262911e-05,"Boundary",2.04477979267842e-11,"Positive",1.41628012480401e-05,"Positive",6.66735580284552e-06,"Positive",0.000202067527356081,"Positive",0.0599906857431954,0.0123631410292189,40.5971144438954,1.87082682678863e-10,7.22347024787832e-10
"67","asv_5348",1.46913361664376e-05,"Positive",2.33726322474656e-06,"Positive",1.28251042566661e-05,"Positive",1.89928841822503e-05,"Positive",0.000419424032041342,"Positive",0.0273882317455386,0.0100211578592118,10.7109087325662,0.0010650570570977,0.00128732983423113
"68","asv_5363",3.68156746186278e-05,"Boundary",7.38749558885902e-11,"Positive",0.000102836296095807,"Positive",6.3601499426185e-05,"Positive",0.00073004094247202,"Positive",0.110186331950621,0.0205472009500435,53.6779666149669,2.36144437337771e-13,3.28240767899501e-12
"69","asv_5453",4.99773045165096e-05,"Boundary",4.89323772335893e-11,"Positive",1.96727821870824e-05,"Positive",5.66187984412301e-06,"Positive",0.000483555466982325,"Positive",0.0352011573484334,0.00801185983540913,32.7017464384116,1.0744064415924e-08,2.66683027466685e-08
"70","asv_5478",3.89613114320475e-05,"Positive",6.23420857193449e-07,"Positive",1.87703124527504e-05,"Positive",1.62969886659361e-05,"Positive",0.000412202947551495,"Positive",0.0385542167315626,0.0103677957294143,22.4378585246886,2.17053206130746e-06,3.59171376811592e-06
"71","asv_5694",1.37165812244002e-05,"Boundary",7.21615888042798e-11,"Positive",3.44400171460922e-05,"Positive",1.36506349198397e-05,"Positive",0.00035357569456932,"Positive",0.0829114748180139,0.0159080130396029,41.243183491315,1.34419808617281e-10,5.66192527206123e-10
"72","asv_6011",1.70410011201731e-05,"Positive",1.30959704570724e-06,"Positive",8.61375124896235e-06,"Positive",2.12252110693042e-05,"Positive",0.000439170598044201,"Positive",0.0176743032811151,0.00909768418862914,4.3766733523953,0.0364340399947013,0.0383661481762385
"73","asv_6395",7.03201395550196e-06,"Boundary",8.51945119200474e-12,"Positive",3.58131339518064e-06,"Positive",2.29311699813193e-06,"Positive",8.41902117266253e-05,"Positive",0.0368840001880876,0.00963032133214345,24.5282211262966,7.32293770178138e-07,1.28846625385774e-06
"74","asv_6442",6.0540135100397e-06,"Boundary",1.32593941715421e-11,"Positive",4.34115462198704e-06,"Positive",3.11280525282982e-06,"Positive",0.00013103088186203,"Positive",0.0300345136699226,0.00916841568518904,12.9365838434314,0.000322222493500113,0.000410907583454272
"75","asv_6446",7.99623428992027e-06,"Boundary",1.12828994356252e-10,"Positive",5.17485557635592e-05,"Positive",1.17969524155608e-05,"Positive",0.000278121267752467,"Positive",0.147995462924711,0.0215933900172251,62.3909988242085,2.77555756156289e-15,7.71605002114484e-14
"76","asv_6497",8.94845526615938e-06,"Positive",5.00604068993478e-07,"Positive",4.2740796487401e-06,"Positive",5.23959296158064e-06,"Positive",0.000211846753948555,"Positive",0.0185177815902352,0.00733218790855567,9.34287459211191,0.00223854117324596,0.00255046904164908
"77","asv_6539",7.79089165503387e-06,"Boundary",2.29100298978279e-11,"Positive",4.81730070907886e-06,"Positive",6.71095508301723e-06,"Positive",0.0002263995912755,"Positive",0.0196049364609794,0.00751632674979146,10.0827006880718,0.00149667806804077,0.00179343320222127
"78","asv_6562",9.29010385776137e-06,"Positive",9.80004693144768e-07,"Positive",1.02843885838489e-05,"Positive",5.74955541662194e-06,"Positive",0.000148659159700974,"Positive",0.0587802913049834,0.0140163731859976,26.1548294617387,3.15108016124555e-07,5.76315976859383e-07
"79","asv_6569",6.30747906941138e-05,"Boundary",8.27256963962659e-11,"Positive",9.0564518683648e-05,"Positive",3.97171040350478e-05,"Positive",0.000817504993909739,"Positive",0.089591422341478,0.0180880162476662,34.5108925720124,4.23872648092072e-09,1.20241424662853e-08
"80","asv_6634",5.40389068952496e-05,"Positive",8.09643364813926e-07,"Positive",2.36148486615428e-05,"Positive",9.20001089152468e-06,"Positive",0.00064941389934317,"Positive",0.032038496326218,0.00863648940894124,14.6816412698536,0.000127280010072339,0.000170114628846684
"81","asv_6659",3.94542458049467e-05,"Boundary",1.19881423625989e-10,"Positive",4.99575693440498e-05,"Positive",6.09291945245931e-05,"Positive",0.00118468223007524,"Positive",0.03742074547511,0.01172629652014,13.3244575020071,0.000261966689473536,0.000337160831822422
"82","asv_6660",0.000159953691560449,"Boundary",1.74414015726361e-10,"Positive",6.92306655455461e-05,"Positive",0.000135889867005795,"Positive",0.00172357967445998,"Positive",0.0331460659000267,0.0130384877967779,8.08778306830209,0.00445646422984691,0.00499555264474775
"83","asv_6705",7.24796985999574e-05,"Positive",8.74153493243116e-06,"Positive",3.51356265854181e-05,"Positive",1.79775232812667e-05,"Positive",0.00062006656663658,"Positive",0.0465742077654562,0.0119857506018017,21.5865516605554,3.38215030826206e-06,5.40366543503938e-06
"84","asv_6767",1.43820160372487e-05,"Positive",8.63426177867599e-07,"Positive",3.0282399170298e-06,"Positive",3.44807191542812e-06,"Positive",0.000246496169704943,"Positive",0.0112902220502756,0.00551570643236355,5.63150971708819,0.0176404323069487,0.0190079076795804
"85","asv_6779",3.08198350930355e-05,"Boundary",2.78421951151145e-11,"Positive",5.62395070353459e-06,"Positive",5.93675242957345e-06,"Positive",0.000275139824015344,"Positive",0.0177120930786599,0.00658271897067734,10.9067548550374,0.000958142282732943,0.0011682612043849
"86","asv_6820",4.02030813047213e-05,"Positive",3.39453045898845e-06,"Positive",3.62954755169542e-05,"Positive",2.3283605242383e-05,"Positive",0.000336802986811296,"Positive",0.0824935269098488,0.0186856768875163,28.0589520177455,1.1767550622821e-07,2.37056454575669e-07
"87","asv_6832",2.52027231533573e-05,"Positive",2.06568429645751e-06,"Positive",1.35688769356318e-05,"Positive",6.2510598019588e-06,"Positive",0.000279607240993553,"Positive",0.041533701559254,0.00985195813781416,29.9162131956109,4.51124720912688e-08,9.95338669950216e-08
"88","asv_6839",3.34900187042567e-06,"Boundary",1.44772776829491e-11,"Positive",1.7372527754308e-06,"Positive",2.09040820434881e-06,"Positive",0.000143066148967023,"Positive",0.0115629665540599,0.0052992408200997,6.5489373417804,0.0104946820580557,0.0113965687974199
"89","asv_6864",2.60727749380079e-05,"Boundary",3.11278284329066e-11,"Positive",1.06265869296128e-05,"Positive",1.85159843942264e-05,"Positive",0.000307608836214225,"Positive",0.0292885274223013,0.0102780815364365,12.6569000791351,0.000374182116983812,0.000468570398745495
"90","asv_6918",8.09212322911187e-06,"Boundary",4.1100370769313e-11,"Positive",7.54476166993474e-06,"Positive",1.20959122343266e-05,"Positive",0.000406158664346666,"Positive",0.0173885905233567,0.00727483004333659,9.51329067727784,0.00203989028838492,0.00236287291737919
"91","asv_6921",2.26215670224183e-05,"Positive",1.2953166796284e-06,"Positive",1.1305228334024e-05,"Positive",2.28573709842369e-05,"Positive",0.00107328782409865,"Positive",0.00999253581298275,0.00616624529647765,2.36158690521552,0.124355630391336,0.1289957658537
"92","asv_6951",1.19229941611578e-05,"Positive",2.53475177589818e-06,"Positive",8.54035766890952e-06,"Positive",1.04129520159772e-05,"Positive",0.000197042161220058,"Positive",0.0370589648777384,0.0127276745918708,11.7633275239496,0.000604091366062764,0.000743085839670126
"93","asv_7022",2.84866518475767e-05,"Positive",1.12282632872428e-06,"Positive",1.12846726173546e-05,"Positive",5.81832471903142e-06,"Positive",0.000295985519400239,"Positive",0.032928913459858,0.00855673514403086,28.4816166000674,9.45923794848369e-08,1.9624389176705e-07
"94","asv_7029",6.80771282112371e-06,"Positive",4.50592382294116e-07,"Positive",3.89839726860432e-06,"Positive",2.66400838793815e-06,"Positive",0.000110744094350544,"Positive",0.0312961374765235,0.00949999860489257,14.1400704274711,0.000169690376779719,0.000222606436933708
"95","asv_7162",1.92545545339506e-05,"Positive",1.02116606280281e-07,"Positive",2.04746133085311e-05,"Positive",2.0673771984009e-05,"Positive",0.000628949509059954,"Positive",0.0296968275116123,0.00911740809322889,15.9601581587631,6.46897023161008e-05,8.90284021974061e-05
"96","asv_7260",1.11663017267323e-05,"Boundary",2.25295357567826e-11,"Positive",1.93143395502524e-05,"Positive",9.21648558272043e-06,"Positive",0.000222639503733077,"Positive",0.073624250825701,0.0151955558297303,34.0595351951488,5.34513344696563e-09,1.45681088064357e-08
"97","asv_7290",5.46236207034728e-05,"Positive",1.90496850232704e-06,"Positive",1.57182852711615e-05,"Positive",5.7891737791538e-06,"Positive",0.000529102370342218,"Positive",0.0258891297102389,0.00671679794741157,23.9933691695333,9.66680455460889e-07,1.65887139887733e-06
"98","asv_7448",9.20878211049885e-06,"Positive",1.01875203104846e-06,"Positive",1.44826306256671e-05,"Positive",6.05338775795513e-06,"Positive",0.000153549570135178,"Positive",0.078576231668299,0.0155063272289863,41.3431196337624,1.2772016777518e-10,5.5478447877344e-10
"99","asv_7455",2.71751605397773e-05,"Positive",1.98743515113729e-06,"Positive",8.1429283656197e-06,"Positive",6.12088034254273e-06,"Positive",0.000210052102815534,"Positive",0.0321247290553332,0.00934813791666265,20.1152456900163,7.29131458709897e-06,1.12610303067417e-05
"100","asv_7462",9.23344322731628e-06,"Positive",6.91853718662979e-07,"Positive",2.11440009781956e-05,"Positive",4.8738135360302e-06,"Positive",0.000193372644476711,"Positive",0.0922047457742602,0.0155638573346115,58.342225702916,2.19824158875781e-14,3.81944476046669e-13
"101","asv_7479",0.000122340369718977,"Positive",5.40634033699962e-06,"Positive",0.000143950849815565,"Positive",8.74675448779359e-05,"Positive",0.00124207540830005,"Positive",0.0898995801332895,0.0178417134107786,46.5044505452679,9.14102127325123e-12,5.77546344082691e-11
"102","asv_7495",2.22780016728967e-05,"Positive",8.4557698578961e-07,"Positive",1.58361977307979e-05,"Positive",1.07102964350714e-05,"Positive",0.000190871614635683,"Positive",0.0658355642965862,0.0153653021717549,28.561519386305,9.07682154993594e-08,1.91163362945621e-07
"103","asv_7500",3.22637331204e-05,"Positive",2.56464185005914e-06,"Positive",2.15689573153437e-05,"Positive",1.19100313146909e-05,"Positive",0.000263656452548686,"Positive",0.0649738202360311,0.0151609181655674,26.6662541476544,2.41808008727418e-07,4.60428948124809e-07
"104","asv_7506",9.53604733166295e-06,"Boundary",1.89798567594109e-11,"Positive",2.15293476411591e-05,"Positive",1.73281273779233e-05,"Positive",0.000187561161288819,"Positive",0.091243562438696,0.0200340260530305,29.9945859518775,4.33254291332119e-08,9.71328169276848e-08
"105","asv_7513",3.20323010263215e-05,"Positive",1.12720672414754e-06,"Positive",3.74561865312799e-05,"Positive",1.83721984367836e-05,"Positive",0.000334324182967272,"Positive",0.0884836239802454,0.0172117347011628,39.5695976700954,3.16573545156018e-10,1.1283005840176e-09
"106","asv_7519",6.76451056486988e-06,"Boundary",1.27987996866175e-11,"Positive",8.20196041310732e-06,"Positive",3.4582779019813e-06,"Positive",0.000126479233365904,"Positive",0.0566027210676927,0.0128738539488978,28.3388660928176,1.01830799015268e-07,2.08154133281209e-07
"107","asv_7528",0.00012682809249593,"Boundary",2.22151413841592e-10,"Positive",3.40929620956484e-05,"Positive",5.39532114721952e-05,"Positive",0.00219532621822459,"Positive",0.0141452792726165,0.00617277074723086,7.62567749946902,0.00575430490465034,0.00639878705397118
"108","asv_7759",6.45249525076956e-06,"Positive",8.71120137766137e-08,"Positive",6.14136589255948e-06,"Positive",2.30024673799367e-06,"Positive",8.68126210042405e-05,"Positive",0.0603314094281249,0.0127069328761966,33.4565527902159,7.28738358546366e-09,1.94797368919125e-08
"109","asv_7789",2.05065694618571e-05,"Positive",1.86874983678389e-06,"Positive",1.7440606011856e-05,"Positive",3.46840295395802e-06,"Positive",0.000281629843888196,"Positive",0.0536775785934695,0.0106864792616959,42.289680162794,7.87068188401463e-11,3.64674927292678e-10
"110","asv_7940",0.000146540115168111,"Positive",1.25621675372996e-05,"Positive",5.14330331772289e-05,"Positive",3.4452208182734e-05,"Positive",0.00168971023986891,"Positive",0.0265845312565193,0.00759238157924847,23.3667234431341,1.33874516627941e-06,2.26933631844924e-06
"111","asv_8088",4.19796010359671e-05,"Boundary",1.97614642419052e-10,"Positive",5.03475907510308e-05,"Positive",3.20095316649318e-05,"Positive",0.000419985402643083,"Positive",0.0924959138326403,0.0194205208923879,32.348561600229,1.28852555292269e-08,3.14219389221499e-08
"112","asv_8127",1.82469390074941e-05,"Positive",1.69575217020027e-06,"Positive",8.70110833292239e-05,"Positive",2.97580574652793e-05,"Positive",0.000410227848183119,"Positive",0.159087165342465,0.0241344203900219,76.458106768463,0,0
"113","asv_8197",0.000102091291058649,"Boundary",2.09059658375548e-10,"Positive",0.000207779605282651,"Positive",0.000119529641659017,"Positive",0.00206595196163001,"Positive",0.0832666278234195,0.0161943356483678,49.4619540499843,2.02260430626211e-12,1.75713749106521e-11
"114","asv_8199",8.75287878434381e-05,"Positive",3.47885617706399e-07,"Positive",6.47150187798352e-05,"Positive",1.73323307302406e-05,"Positive",0.000705453708631872,"Positive",0.0739281071970172,0.0139251032414202,45.2383106959023,1.74458225643548e-11,9.69987734578126e-11
"115","asv_8212",1.84532936779927e-05,"Positive",6.39944963709735e-07,"Positive",1.1154433031521e-05,"Positive",1.29952497702993e-05,"Positive",0.000214745965807146,"Positive",0.0432360988505798,0.0134830531782504,12.912931742525,0.000326319777383843,0.000412349536875947
"116","asv_8243",0.00243144656601065,"Boundary",3.03512408631864e-09,"Positive",0.00309262677122322,"Positive",0.0020223071158796,"Positive",0.029993450714707,"Positive",0.0823825367609279,0.016874599120195,39.1475575353325,3.92954557781877e-10,1.33221179345563e-09
"117","asv_8264",0.000202145876103855,"Positive",1.95991212395355e-05,"Positive",0.000192750353823336,"Positive",0.000124888468585506,"Positive",0.00160552611189851,"Positive",0.0898640781969772,0.0201144706841068,29.2121228303004,6.48720479556886e-08,1.40893979153761e-07
"118","asv_8630",2.25742446593196e-05,"Boundary",4.7003833027995e-11,"Positive",7.87888237485041e-06,"Positive",1.64682103841503e-05,"Positive",0.000464497367894263,"Positive",0.0154059317128358,0.00718601070922835,6.84218680034974,0.00890297875067725,0.0098215400503503
"119","asv_8655",4.47890876674517e-05,"Boundary",6.89632215535394e-11,"Positive",7.03902556358685e-05,"Positive",5.36457777449911e-05,"Positive",0.000681502610096697,"Positive",0.0827801415253144,0.0181320337079525,34.380233180942,4.53303783398695e-09,1.26018451784837e-08
"120","asv_8718",8.35082864449477e-05,"Positive",1.40739408869537e-06,"Positive",0.000132285894457241,"Positive",0.000197782394704924,"Positive",0.00210207728064661,"Positive",0.0525556914593339,0.0153602833768729,19.7767792267114,8.70336459013465e-06,1.32941503080079e-05
"121","asv_8816",8.37414641800861e-06,"Boundary",1.95033298951167e-11,"Positive",1.37243825959934e-05,"Positive",3.44478488047022e-06,"Positive",0.000192734183956011,"Positive",0.06287584155425,0.0116080498702445,51.8755719777546,5.91304782915358e-13,6.32241267886422e-12
"122","asv_8824",1.39549387572271e-05,"Boundary",2.19173857139359e-11,"Positive",1.02455398874959e-05,"Positive",1.5485807073426e-06,"Positive",0.000216590165512313,"Positive",0.0422776748857457,0.00904782377112482,27.8885251787433,1.28509633490204e-07,2.55183415073404e-07
"123","asv_8836",6.22425867832404e-06,"Boundary",1.17741784372264e-11,"Positive",2.80251986033209e-06,"Positive",2.54021297440694e-06,"Positive",0.000116353806506625,"Positive",0.0219082404563269,0.00771989834387566,9.51913411036367,0.00203340503417648,0.00236287291737919
"124","asv_8841",2.7265845375031e-05,"Boundary",5.26038866290905e-11,"Positive",6.49270835221195e-05,"Positive",1.57281586774363e-05,"Positive",0.000519837751650336,"Positive",0.103426784339082,0.0166712824819448,67.9345424843486,2.22044604925031e-16,1.02880666948598e-14
"125","asv_8885",9.5791971214233e-06,"Boundary",1.31947033119685e-11,"Positive",4.72165236999407e-06,"Positive",4.33648097722409e-06,"Positive",0.000130391599232019,"Positive",0.0316827877743805,0.00947706720873654,15.3670011367649,8.85208005981797e-05,0.000119460109545116
"126","asv_8943",5.6963563076965e-06,"Boundary",1.300999474591e-11,"Positive",9.18084073660555e-07,"Positive",3.67800977464681e-06,"Positive",0.000128566287608804,"Positive",0.00661164001935665,0.00551845697812975,1.47719475562917,0.2242139451064,0.225838683839055
"127","asv_9014",1.00901313250452e-05,"Positive",4.49666395593777e-06,"Positive",2.70675799758131e-05,"Positive",1.00752313044955e-05,"Positive",0.000253158405901405,"Positive",0.0887787609528426,0.0171728421230004,40.0773690158094,2.44100628599142e-10,8.92894404612651e-10
"128","asv_9028",4.04336153821228e-06,"Positive",1.50161430827651e-07,"Positive",4.11132445933937e-06,"Positive",4.51424432938995e-06,"Positive",0.000158952482945054,"Positive",0.0239348359380896,0.00884735342436191,9.36603225083672,0.00221043480165783,0.0025392598134747
"129","asv_9087",0.000112214944764673,"Positive",1.78123645827554e-05,"Positive",0.000104114418376186,"Positive",3.93041870281634e-05,"Positive",0.0012320042811222,"Positive",0.069158327961652,0.014945117307555,31.3007880266232,2.20989923027659e-08,5.29613781049045e-08
"130","asv_9212",0.000158017994226508,"Positive",2.39994634630771e-05,"Positive",0.000156851541914125,"Positive",0.000319363271182737,"Positive",0.00213520973461288,"Positive",0.0561499188495603,0.0203813341288542,9.7317091547884,0.00181115992631553,0.00215171991246033
"131","asv_9237",0.000222838317906182,"Boundary",7.28483098214672e-10,"Positive",0.000357014251040798,"Positive",0.000266667456142354,"Positive",0.00216905550507454,"Positive",0.118390058953768,0.024614287249554,30.5310251550691,3.28569763619058e-08,7.72003440933459e-08
"132","asv_9331",0.000507595106955375,"Positive",4.67346472197902e-05,"Positive",0.000174229068617572,"Positive",0.000261738775361202,"Positive",0.0044314306877817,"Positive",0.0321353375582348,0.0112626488070448,11.9993730582937,0.000532184505314781,0.000660478984274594
"133","asv_9520",3.00936201691854e-05,"Positive",3.9818973626126e-06,"Positive",3.64014344742696e-05,"Positive",2.26145537757651e-05,"Positive",0.000320795567764717,"Positive",0.0879501603235635,0.0175847793874194,47.2438844249264,6.26809715242871e-12,4.35632752093795e-11
"134","asv_9538",1.00384985764731e-05,"Positive",1.93613797285565e-07,"Positive",1.13142952725598e-05,"Positive",6.56040604742424e-06,"Positive",0.00010793781740495,"Positive",0.0831660550011114,0.0161752714762573,52.1325748012459,5.18807219407336e-13,6.00951695813497e-12
"135","asv_9552",2.40620721267821e-05,"Boundary",3.27778114472689e-11,"Positive",2.14968482636342e-05,"Positive",1.3914176213475e-06,"Positive",0.000323914161075393,"Positive",0.0579641524508502,0.0101729767582375,46.1272967916593,1.10813580533886e-11,6.6969946496566e-11
"136","asv_9577",3.37816019066946e-05,"Positive",2.30562081614659e-06,"Positive",5.54668812383355e-05,"Positive",4.39533989861718e-05,"Positive",0.000496095270981556,"Positive",0.0878192489455074,0.01856792346177,39.2778220833134,3.67592956074247e-10,1.27738552235801e-09
"137","asv_9599",2.65566941778166e-05,"Positive",2.27877100333678e-06,"Positive",2.85905951775763e-05,"Positive",1.0783987386661e-05,"Positive",0.000323866059574127,"Positive",0.0729210340641255,0.0137365156701727,50.6507468774944,1.10356168647741e-12,1.02263382946906e-11
"138","asv_9612",2.40588827468145e-05,"Boundary",4.56969939367507e-11,"Positive",5.49390740536544e-05,"Positive",1.36942650682275e-05,"Positive",0.000451583031359564,"Positive",0.100939862900519,0.015849023981838,72.0924114654626,0,0
"139","asv_9760",1.84321735191239e-05,"Boundary",6.03854671768382e-11,"Positive",2.05792413186537e-05,"Positive",1.47990945808139e-05,"Positive",0.000291171065569325,"Positive",0.0596531502216929,0.0130795069572418,37.6937342645106,8.27700019634392e-10,2.67558843556234e-09
"140","c_Actinobacteria",0.00264147238586416,"Positive",3.17200703533878e-09,"Boundary",0.00345034148353903,"Positive",0.002049649533055,"Positive",0.0313461440044563,"Positive",0.0873778239036024,0.0170786682859379,43.2205143063838,4.89052132124357e-11,1.66277724922281e-10
"141","c_Alphaproteobacteria",1.90343563754808e-05,"Positive",1.59435477253292e-11,"Boundary",1.36293642416736e-06,"Positive",1.50597628403352e-06,"Positive",0.000157556000781919,"Positive",0.00759468320640045,0.00403337215920981,3.86591671893257,0.0492762677463247,0.0509410065215383
"142","c_Bacilli",0.00196421493127197,"Positive",1.93232584836627e-06,"Positive",3.43008827793831e-05,"Positive",5.01458169292403e-05,"Positive",0.00901534237862843,"Positive",0.00309968191932177,0.00239711630463351,2.39027547949809,0.122092111959368,0.124533954198555
"143","c_Bacteroidia",0.00144958558262133,"Positive",1.49613099944122e-09,"Boundary",0.000562106526859692,"Positive",0.000455556229393324,"Positive",0.0147849412802474,"Positive",0.0325817470432919,0.00982426774555051,14.3490068831015,0.000151859777437147,0.000193382037789893
"144","c_Campylobacteria",2.56123856274885e-05,"Positive",5.47000175057473e-11,"Boundary",5.15794110583542e-05,"Positive",3.22778368785638e-05,"Positive",0.000540551961795476,"Positive",0.0793502971071826,0.0177457027630096,26.5015085373307,2.6333239455667e-07,4.91339711794763e-07
"145","c_Clostridia",0.00175459195890188,"Positive",1.40113964211776e-09,"Boundary",0.00127778536754689,"Positive",0.000619265701759554,"Positive",0.0138462255924615,"Positive",0.0730251948353859,0.0151092677115315,37.360113848903,9.82102510427296e-10,2.21707652237058e-09
"146","c_Coriobacteriia",0.000176221810471393,"Positive",2.05844279584906e-05,"Positive",0.000202453047476929,"Positive",9.75754483700908e-05,"Positive",0.00153746135537804,"Positive",0.0995199511548333,0.0186364428777919,49.7155088683649,1.77735604012241e-12,1.18978739903775e-11
"147","c_Deltaproteobacteria",3.04386744290727e-05,"Positive",7.59884922586251e-11,"Boundary",8.65981486334598e-05,"Positive",6.10092516353633e-05,"Positive",0.000750927155735634,"Positive",0.0932192002017755,0.0202490722307715,29.7770813438838,4.84688085222729e-08,9.63081519988019e-08
"148","c_Elusimicrobia",5.28338475065956e-05,"Positive",2.0830662754426e-10,"Boundary",8.86459354414219e-05,"Positive",8.64202687399778e-05,"Positive",0.0020585104230034,"Positive",0.0387707843129854,0.0118984781188845,14.2744870816387,0.000157991860939455,0.000193382037789893
"149","c_Erysipelotrichia",6.75079466265348e-05,"Positive",1.16689215219252e-10,"Boundary",2.39122224587739e-05,"Positive",3.07133692691469e-05,"Positive",0.00115313645375916,"Positive",0.0187507119422894,0.00746440448068994,8.0812561926723,0.00447254316968326,0.00478530842630447
"150","c_Gammaproteobacteria",0.000119462448527101,"Positive",1.79025318171464e-10,"Boundary",0.000116258633298139,"Positive",4.65063359577154e-05,"Positive",0.00176914910380927,"Positive",0.0566734687310919,0.0120529789378517,34.7878700459405,3.67657015942768e-09,8.03593191989194e-09
"151","c_Kiritimatiellae",0.00184957936627216,"Positive",2.16022487689436e-09,"Boundary",0.00322284348576274,"Positive",0.000974316534734346,"Positive",0.0213475945414815,"Positive",0.117646343950585,0.0202872417375576,41.0066936957301,1.51708756668256e-10,4.07218241583214e-10
"152","c_Lentisphaeria",0.000101401906163674,"Positive",2.03483008853192e-06,"Positive",0.000180553090993102,"Positive",0.00023989908618092,"Positive",0.00224658573226907,"Positive",0.0651704541940642,0.01738484107896,24.6117804704409,7.01217496734685e-07,1.16624349511347e-06
"153","c_Melainabacteria",0.000110737944753013,"Positive",9.97139252293162e-06,"Positive",7.80861460781603e-05,"Positive",0.000139732346192689,"Positive",0.00255881772247625,"Positive",0.0269509261757326,0.0105702466086104,8.40110389728216,0.00374993223500142,0.00410213145544991
"154","c_Mollicutes",0.000363082537855113,"Positive",4.5653751241661e-10,"Boundary",0.000721237291021847,"Positive",0.000377783147969873,"Positive",0.00451155701996066,"Positive",0.120736238133184,0.0220148887391887,51.5445769294456,6.99884594723699e-13,6.31422691910188e-12
"155","c_Negativicutes",0.000559090031122157,"Positive",6.03611675858843e-05,"Positive",0.00022159080277644,"Positive",0.000205054152022928,"Positive",0.00498492747383803,"Positive",0.0367418230251527,0.0108776503559666,18.0348692773259,2.16895596852895e-05,3.13066286023518e-05
"156","c_Oxyphotobacteria",0.000285005669437972,"Positive",1.90633599445878e-06,"Positive",1.92750163261188e-05,"Positive",1.78794791391317e-05,"Positive",0.00128689628130927,"Positive",0.0119649048004156,0.00483065469060034,7.32437063763791,0.00680257809902474,0.00717789275276403
"157","c_Spirochaetia",6.7781493012792e-05,"Positive",3.18439415043149e-05,"Positive",0.000276026011066335,"Positive",0.00024033498142146,"Positive",0.00300476895649952,"Positive",0.0762343715137083,0.019147611744782,20.5096458501794,5.93315026764518e-06,9.30541637483346e-06
"158","c_Thermoplasmata",0.000372458609126726,"Positive",1.96628459813211e-10,"Boundary",0.000668906675070936,"Positive",0.000425702905277654,"Positive",0.00433043591654925,"Positive",0.115378383551149,0.0216450868743336,45.1407041749917,1.83374426754312e-11,7.58278034957022e-11
"159","f_Acidaminococcaceae",9.36969324528092e-05,"Positive",1.01592587998479e-05,"Positive",8.69980494335849e-05,"Positive",1.8858888629602e-05,"Positive",0.00117286882324927,"Positive",0.0629243346278149,0.0124608804538135,37.0284027765301,1.1642097286213e-09,2.58150852868202e-09
"160","f_Atopobiaceae",5.76419282769761e-05,"Positive",7.58247151378735e-06,"Positive",4.26334440843766e-05,"Positive",1.55397317814424e-05,"Positive",0.000528108222330927,"Positive",0.0654383187625815,0.0134544855373248,38.8530422023759,4.56941262605426e-10,1.14609857669886e-09
"161","f_Bacteroidales_RF16_group",5.97061718460249e-05,"Positive",2.90582514996693e-06,"Positive",0.000119699510950033,"Positive",7.78776283112243e-05,"Positive",0.00100202860880498,"Positive",0.0948326954032261,0.0188396100396298,42.9731475369772,5.54963852650303e-11,1.80658445649992e-10
"162","f_Bifidobacteriaceae",0.00264397627639557,"Positive",3.17937419469396e-09,"Boundary",0.00345630512147438,"Positive",0.00205106337658491,"Positive",0.031418947133667,"Positive",0.0873459526604983,0.0170673766835114,43.2390363841259,4.84444706572162e-11,1.66277724922281e-10
"163","f_Burkholderiaceae",2.88440075635375e-05,"Positive",2.99528735576574e-07,"Positive",1.84118893793669e-05,"Positive",1.62429450035608e-05,"Positive",0.000373429510217928,"Positive",0.0421105107512099,0.0116685551631093,19.306746202361,1.11312365480565e-05,1.66968548220847e-05
"164","f_Campylobacteraceae",1.2169173003347e-05,"Positive",8.98462565667867e-06,"Positive",3.71760138066816e-05,"Positive",5.56445577101764e-05,"Positive",0.00040426278652633,"Positive",0.0717355236416823,0.0216596360829423,16.1026680781797,5.99994464401954e-05,8.05255728539464e-05
"165","f_Christensenellaceae",3.70579099352721e-05,"Positive",1.88868311732473e-06,"Positive",0.000117933741512963,"Positive",3.32836241959812e-05,"Positive",0.000835827747157953,"Positive",0.114946096379279,0.0188507363961532,53.6624555554008,2.38031816479634e-13,3.03490566011533e-12
"166","f_Clostridiaceae_1",0.000296125810424137,"Positive",1.31740510548423e-10,"Boundary",4.48240491605628e-05,"Positive",4.44145815810489e-05,"Positive",0.00209254892623419,"Positive",0.0180894325714403,0.00597278375225527,13.3746191453538,0.000255052415828572,0.00030486734079509
"167","f_Clostridiales_vadinBB60_group",2.80681494194613e-05,"Positive",6.46986056203077e-07,"Positive",2.02394789982733e-05,"Positive",9.87373874458568e-06,"Positive",0.000437543251939245,"Positive",0.040774852525741,0.0099818502572219,26.0859707436612,3.2654810655508e-07,5.82656891688483e-07
"168","f_Coriobacteriaceae",0.000129215594488185,"Positive",4.43286050087432e-06,"Positive",0.000164997602166957,"Positive",9.40668575651959e-05,"Positive",0.00119429694229189,"Positive",0.103967597578441,0.01957814166543,50.4546815411304,1.21946897024827e-12,9.32893762239928e-12
"169","f_Desulfovibrionaceae",3.01532511771672e-05,"Positive",7.6316533979485e-11,"Boundary",8.66374589187321e-05,"Positive",6.26224472542218e-05,"Positive",0.000754168902335495,"Positive",0.0928011104515527,0.0203194640821725,29.398572367194,5.89210321644273e-08,1.15105431249776e-07
"170","f_Eggerthellaceae",3.73373902539786e-05,"Positive",4.42543085543035e-06,"Positive",2.7340126304375e-05,"Positive",1.24524755153451e-05,"Positive",0.000391662310648656,"Positive",0.0577749402958099,0.0124827445803921,37.5894042628934,8.73175198812248e-10,2.05807293934319e-09
"171","f_Elusimicrobiaceae",5.28338475065956e-05,"Positive",2.0830662754426e-10,"Boundary",8.86459354414219e-05,"Positive",8.64202687399778e-05,"Positive",0.0020585104230034,"Positive",0.0387707843129854,0.0118984781188845,14.2744870816387,0.000157991860939455,0.000193382037789893
"172","f_Enterobacteriaceae",1.77865413295297e-05,"Positive",5.68218333405181e-11,"Boundary",1.89908192413489e-05,"Positive",1.3264139575913e-05,"Positive",0.000561519993696629,"Positive",0.0310529973977122,0.009615151142262,11.5554948729696,0.000675493267439209,0.000782958105440901
"173","f_Erysipelotrichaceae",6.75079466265348e-05,"Positive",1.16689215219252e-10,"Boundary",2.39122224587739e-05,"Positive",3.07133692691469e-05,"Positive",0.00115313645375916,"Positive",0.0187507119422894,0.00746440448068994,8.0812561926723,0.00447254316968326,0.00478530842630447
"174","f_Family_XI_2II",8.66742208700794e-05,"Positive",1.04602448718708e-06,"Positive",8.5457577806199e-05,"Positive",1.45736535124418e-05,"Positive",0.0009817866566295,"Positive",0.0730695095547458,0.012669217297752,50.8487065394729,9.97646409928166e-13,8.03367898521102e-12
"175","f_Helicobacteraceae",1.63436311576756e-05,"Positive",3.18401760077318e-11,"Boundary",4.12614096834437e-05,"Positive",2.07083276949322e-05,"Positive",0.000314648338148783,"Positive",0.105001086971773,0.0200177534651435,37.5570135520393,8.87796169912747e-10,2.05807293934319e-09
"176","f_Lachnospiraceae",0.000592008896109172,"Positive",1.62718285398639e-05,"Positive",0.000193048469873681,"Positive",0.000163444781914818,"Positive",0.00640273306152123,"Positive",0.026202685505295,0.00833668972164287,15.0330698870093,0.000105643660211152,0.000139340344933675
"177","f_Lactobacillaceae",3.34718839511458e-05,"Positive",8.08584299810977e-11,"Boundary",8.65682882421854e-05,"Positive",3.71261799892871e-05,"Positive",0.000799052449103735,"Positive",0.0905318749280648,0.0169976266203886,43.31103037711,4.66944261034996e-11,1.66277724922281e-10
"178","f_Methanomethylophilaceae",0.000372458609126726,"Positive",1.96628459813211e-10,"Boundary",0.000668906675070936,"Positive",0.000425702905277654,"Positive",0.00433043591654925,"Positive",0.115378383551149,0.0216450868743336,45.1407041749917,1.83374426754312e-11,7.58278034957022e-11
"179","f_Muribaculaceae",0.000148979833839427,"Positive",9.42779692686403e-06,"Positive",0.000330519857180937,"Positive",8.68850386324035e-05,"Positive",0.00244539046427428,"Positive",0.109400082742378,0.0180532487315335,52.783111408673,3.7247982476174e-13,4.07067237061044e-12
"180","f_Pasteurellaceae",5.5131791418475e-05,"Positive",5.69532009432892e-11,"Boundary",4.28870532573739e-05,"Positive",1.69610508701541e-05,"Positive",0.000562818183690568,"Positive",0.0632740796521846,0.0126565170703096,44.8452697905304,2.13234985224631e-11,8.36537249727397e-11
"181","f_Peptococcaceae",9.08449640084771e-06,"Positive",1.42453964503012e-11,"Boundary",8.66009780097578e-06,"Positive",1.96571471493698e-06,"Positive",0.00014077467154294,"Positive",0.0539620406062844,0.0105524186325153,41.2296071676537,1.3535661480546e-10,3.90746454061044e-10
"182","f_Prevotellaceae",0.00114394379525424,"Positive",1.58067303938676e-09,"Boundary",0.00237321549352567,"Positive",0.00076413706630482,"Positive",0.0156203955932548,"Positive",0.119246911830193,0.0208904700809996,41.1546601570299,1.40647493651613e-10,3.98501232012904e-10
"183","f_Rikenellaceae",0.000470846279132483,"Positive",8.98507507396567e-05,"Positive",0.00137086969906413,"Positive",0.000395594601942724,"Positive",0.00683076631844552,"Positive",0.149692130311299,0.0231880713847423,65.4387291653838,5.55111512312578e-16,2.12330153459561e-14
"184","f_Ruminococcaceae",0.000796185692966519,"Positive",6.69940147070219e-10,"Boundary",0.00078427243374857,"Positive",0.000338445473031935,"Positive",0.00662042678041753,"Positive",0.0918423737347616,0.0170670065746995,50.2772028904146,1.33493216480929e-12,9.72593434361053e-12
"185","f_Spirochaetaceae",6.777729673042e-05,"Positive",3.18777746933018e-05,"Positive",0.000275788986380357,"Positive",0.000240533250747317,"Positive",0.00300482693176502,"Positive",0.076167880966759,0.0191439430057431,20.4814646696323,6.02115177195106e-06,9.30541637483346e-06
"186","f_Streptococcaceae",1.37089062325313e-05,"Positive",4.46077535868758e-11,"Boundary",4.64929714945792e-05,"Positive",1.15130877040277e-05,"Positive",0.000440819031001981,"Positive",0.0907119679312609,0.0157064019728076,47.8241836101224,4.66204852500596e-12,2.45963249767556e-11
"187","f_Succinivibrionaceae",9.46781274066549e-05,"Positive",1.59766460546616e-10,"Boundary",0.000109780122767087,"Positive",7.76209654337303e-05,"Positive",0.00134463977489538,"Positive",0.0674856029997017,0.0158529648626113,26.0742775447143,3.28531743809535e-07,5.82656891688483e-07
"188","f_vadinBE97",9.03123991906561e-05,"Positive",3.13079152814088e-06,"Positive",0.000150738197243444,"Positive",0.000216288482136779,"Positive",0.00216798140935946,"Positive",0.0573486746440661,0.0161449960658332,22.0604684300342,2.64194897947601e-06,4.25492835641925e-06
"189","f_Veillonellaceae",0.000506424138761011,"Positive",5.76242363833414e-05,"Positive",0.000202616939052401,"Positive",0.000212365938164818,"Positive",0.00470233057743915,"Positive",0.0356634456882512,0.0110126120284876,16.6822157193528,4.41933592879584e-05,6.03712854558718e-05
"190","g_[Eubacterium]_coprostanoligenes_group",6.57985576166724e-05,"Positive",8.92981490720854e-11,"Boundary",6.21472382312198e-05,"Positive",3.42135802478132e-05,"Positive",0.000882454738895631,"Positive",0.0594930051458476,0.0136247670017274,24.5142875834426,7.37608467193951e-07,1.21348489764166e-06
"191","g_[Eubacterium]_hallii_group",4.7827572577567e-05,"Positive",2.44211175635853e-06,"Positive",2.26032992157486e-05,"Positive",1.73130630608575e-05,"Positive",0.000514455716316409,"Positive",0.0373829606250334,0.0110317912164516,13.9532441063493,0.000187413960310412,0.000225782172657425
"192","g_[Eubacterium]_ruminantium_group",1.93871548414275e-05,"Positive",6.4878970405192e-11,"Boundary",1.79895308953611e-05,"Positive",8.59837293234686e-06,"Positive",0.000641141563220019,"Positive",0.0261811876232775,0.0075381524951435,17.2751741419343,3.23384426943463e-05,4.49798339294089e-05
"193","g_Acidaminococcus",0.000105810283164493,"Positive",1.58659098197098e-05,"Positive",0.000102695759885495,"Positive",3.66383433770135e-05,"Positive",0.00120719336465468,"Positive",0.0699465357704159,0.0147421589777657,33.6520568584092,6.59051535567556e-09,1.42020964706811e-08
"194","g_Alloprevotella",9.26616487633672e-05,"Positive",1.9318632424808e-10,"Boundary",0.000234435273412023,"Positive",0.000129654915790312,"Positive",0.0019090898198229,"Positive",0.0990916925894333,0.0196958713296589,37.5982019408839,8.6924567543889e-10,2.05807293934319e-09
"195","g_Bifidobacterium",0.00261026517798227,"Positive",3.17492849139776e-09,"Boundary",0.00341850269167828,"Positive",0.00204621443484911,"Positive",0.0313750141744487,"Positive",0.0866540613858146,0.0170180183320622,42.8194896438072,6.00310912091118e-11,1.91349103229044e-10
"196","g_Butyricicoccus",1.85380026511467e-05,"Positive",8.34079983977039e-07,"Positive",1.22589401493155e-06,"Positive",4.05637932052427e-06,"Positive",0.000234629532235454,"Positive",0.00472799919583672,0.00413617762737765,1.74903476884356,0.185998121386288,0.187221793237514
"197","g_CAG-873",0.000148989388592134,"Positive",9.40335782424175e-06,"Positive",0.000330496578253243,"Positive",8.68828820583746e-05,"Positive",0.00244544237332712,"Positive",0.10939195793475,0.0180516141604439,52.787739521882,3.7159164634204e-13,4.07067237061044e-12
"198","g_Campylobacter",1.2169173003347e-05,"Positive",8.98462565667867e-06,"Positive",3.71760138066816e-05,"Positive",5.56445577101764e-05,"Positive",0.00040426278652633,"Positive",0.0717355236416823,0.0216596360829423,16.1026680781797,5.99994464401954e-05,8.05255728539464e-05
"199","g_Candidatus_Methanogranum",0.000370737785555105,"Positive",2.0632456239671e-10,"Boundary",0.000683822325046197,"Positive",0.000437385539708521,"Positive",0.00438489602831838,"Positive",0.116358809447822,0.0218286408376144,45.1943707556347,1.78417280949361e-11,7.58278034957022e-11
"200","g_Christensenellaceae_R-7_group",3.70579099352721e-05,"Positive",1.88868311732473e-06,"Positive",0.000117933741512963,"Positive",3.32836241959812e-05,"Positive",0.000835827747157953,"Positive",0.114946096379279,0.0188507363961532,53.6624555554008,2.38031816479634e-13,3.03490566011533e-12
"201","g_Collinsella",0.000102456511998631,"Positive",4.46535230802766e-06,"Positive",0.000167078610521873,"Positive",0.00010308149029739,"Positive",0.0011784707324717,"Positive",0.107407875528683,0.020448524419288,48.7364806306723,2.92765811593654e-12,1.65900626569737e-11
"202","g_Coprococcus_2",2.60354042492436e-05,"Positive",6.35770264009011e-11,"Boundary",1.76815144282548e-05,"Positive",1.24599054150144e-05,"Positive",0.000628275600506326,"Positive",0.025833077874226,0.00771168636144948,17.7810702407296,2.47836804491142e-05,3.51102139695784e-05
"203","g_Coriobacteriaceae_UCG-003",3.20202442327437e-05,"Positive",1.20204049964138e-06,"Positive",3.69774130669246e-05,"Positive",1.7714539485006e-05,"Positive",0.000333837731043897,"Positive",0.0876757332360529,0.017010400627353,39.7986699347675,2.8153679387799e-10,7.42674645919525e-10
"204","g_Dialister",0.000155405646859021,"Positive",8.09877139240976e-06,"Positive",5.89858687176438e-05,"Positive",3.68434228020922e-05,"Positive",0.00203044199990576,"Positive",0.0257605443486718,0.00754926846930441,18.1604592142248,2.03051147813493e-05,2.98719477071774e-05
"205","g_Elusimicrobium",5.28338475065956e-05,"Positive",2.0830662754426e-10,"Boundary",8.86459354414219e-05,"Positive",8.64202687399778e-05,"Positive",0.0020585104230034,"Positive",0.0387707843129854,0.0118984781188845,14.2744870816387,0.000157991860939455,0.000193382037789893
"206","g_Enterorhabdus",2.50875419328962e-05,"Positive",1.65864825119197e-06,"Positive",3.61167301357319e-06,"Positive",3.06894303081133e-06,"Positive",0.000209909274116063,"Positive",0.0148423242803101,0.00577893720320972,11.0873260756489,0.000869197255747411,0.0009850902231804
"207","g_Erysipelotrichaceae_UCG-004",5.5532221055043e-05,"Positive",8.15438383204598e-11,"Boundary",4.28273296148067e-05,"Positive",3.66461430760041e-05,"Positive",0.000805825734367021,"Positive",0.0455207220158192,0.0121124091164833,21.8695229065197,2.91832270393755e-06,4.65107680940047e-06
"208","g_Faecalibacterium",0.000406224875077103,"Positive",1.01201803111694e-09,"Boundary",0.000224387871913748,"Positive",0.000135699142842096,"Positive",0.00300724749196188,"Positive",0.0594631723084797,0.0135810271693009,30.6987748001993,3.01355272958048e-08,6.23072388683532e-08
"209","g_Family_XIII_AD3011_group",3.47847998761681e-05,"Positive",5.68823110616873e-11,"Boundary",7.57088378759672e-05,"Positive",1.61070372141902e-05,"Positive",0.000562117641600845,"Positive",0.109927135378683,0.0171029144604646,60.6790178801602,6.77236045021345e-15,1.15130127653629e-13
"210","g_Family_XIII_UCG-001",5.48192269496994e-05,"Positive",1.65391504171638e-06,"Positive",1.59275842324339e-05,"Positive",5.69704790370364e-06,"Positive",0.000530860117645834,"Positive",0.0261554771645213,0.00669080406942601,24.7298455693235,6.59548852421921e-07,1.13383117326465e-06
"211","g_GCA-900066575",6.80771282076303e-06,"Positive",4.50592382302148e-07,"Positive",3.8983972683457e-06,"Positive",2.66400838807732e-06,"Positive",0.000110744094350471,"Positive",0.0312961374745842,0.00949999860521612,14.1400704910629,0.000169690371043751,0.00020605259341027
"212","g_Helicobacter",1.63436311576756e-05,"Positive",3.18401760077318e-11,"Boundary",4.12614096834437e-05,"Positive",2.07083276949322e-05,"Positive",0.000314648338148783,"Positive",0.105001086971773,0.0200177534651435,37.5570135520393,8.87796169912747e-10,2.05807293934319e-09
"213","g_Lachnoclostridium",1.36326635138105e-05,"Positive",2.83619793788741e-06,"Positive",4.79619673802244e-06,"Positive",7.92621031431718e-06,"Positive",0.000264222547311868,"Positive",0.016346185760495,0.00859899951844407,3.67586277099326,0.0552056750711493,0.0566877066166835
"214","g_Lachnospira",1.54171443281254e-05,"Positive",2.18073942321926e-06,"Positive",1.2057221564742e-05,"Positive",3.96821527810008e-06,"Positive",0.000284976538973496,"Positive",0.0378444032621446,0.00924028572118094,26.4599726673332,2.69055832613496e-07,4.95970390239336e-07
"215","g_Lachnospiraceae_FCS020_group",6.46973951241442e-06,"Positive",1.74032892016571e-11,"Boundary",5.56142004087743e-07,"Positive",2.97393046148329e-06,"Positive",0.000171981336544569,"Positive",0.00305604154835653,0.00392769031011614,0.579810186172836,0.446386731507085,0.446386731507085
"216","g_Lachnospiraceae_ND3007_group",2.12034089515048e-05,"Positive",3.95272403028336e-07,"Positive",8.03014935194846e-06,"Positive",3.0760015172509e-06,"Positive",0.000203687252220831,"Positive",0.0339696203060962,0.0087924901934064,19.7362908602809,8.88970887569229e-06,1.34665886928804e-05
"217","g_Lachnospiraceae_NK3A20_group",0.000127685094341073,"Positive",2.23611687909677e-10,"Boundary",3.44327431542558e-05,"Positive",5.43591566735127e-05,"Positive",0.0022097568171212,"Positive",0.0141918473893845,0.00619598670145518,7.56770829082234,0.00594232931906691,0.00631372490150859
"218","g_Lactobacillus",3.34171209276257e-05,"Positive",8.06758850302613e-11,"Boundary",8.67334936844622e-05,"Positive",3.72453091071641e-05,"Positive",0.000797248518578848,"Positive",0.0908542306556823,0.0170614016750851,43.0780609676731,5.25988141930611e-11,1.74948229816051e-10
"219","g_Libanicoccus",9.57374926991636e-06,"Positive",3.75341678099068e-06,"Positive",4.49764319857816e-05,"Positive",1.15826057068643e-05,"Positive",0.000215470968950114,"Positive",0.157614513632934,0.0237756633243831,66.1265593455755,4.44089209850063e-16,2.12330153459561e-14
"220","g_Marvinbryantia",2.2385650434353e-05,"Positive",1.57382193859608e-06,"Positive",6.83932798664028e-06,"Positive",4.09363763123321e-06,"Positive",0.000297645509897725,"Positive",0.0205670601808505,0.00723547167431429,11.3928507537785,0.00073727299911297,0.000841811707942421
"221","g_Megasphaera",0.000524993320336535,"Positive",4.79482079219589e-05,"Positive",0.000172163578578171,"Positive",0.000265921460495177,"Positive",0.00449456586419195,"Positive",0.0312706726332304,0.0111658432715863,11.4264042410359,0.00072407679669706,0.000832960525523685
"222","g_Olsenella",1.38403964700631e-05,"Positive",2.37975135617269e-06,"Positive",6.37607690769791e-06,"Positive",6.27660865876411e-06,"Positive",0.000178485669174041,"Positive",0.0307490497316152,0.0105375772098577,11.5779047116812,0.000667401007334312,0.000782958105440901
"223","g_Oribacterium",4.72500345951409e-05,"Positive",8.1958027825876e-11,"Boundary",3.93853763801918e-05,"Positive",2.65919425462869e-05,"Positive",0.000809918803435679,"Positive",0.0426642873251248,0.0111889058836075,24.333537962113,8.10161438380419e-07,1.31866702204472e-06
"224","g_Peptococcus",9.08449640084771e-06,"Positive",1.42453964503012e-11,"Boundary",8.66009780097578e-06,"Positive",1.96571471493698e-06,"Positive",0.00014077467154294,"Positive",0.0539620406062844,0.0105524186325153,41.2296071676537,1.3535661480546e-10,3.90746454061044e-10
"225","g_Prevotella_2",5.92369854641932e-05,"Positive",1.23640808897037e-10,"Boundary",0.000278932849519504,"Positive",4.74690082684564e-05,"Positive",0.00122183291440905,"Positive",0.173522692847091,0.0243786231429331,64.7774097964575,8.88178419700125e-16,2.26485497023532e-14
"226","g_Prevotella_7",2.61275078073206e-05,"Positive",4.8088534880915e-11,"Boundary",1.98046456527421e-05,"Positive",1.2990870784384e-05,"Positive",0.000475216518294855,"Positive",0.0370776590993066,0.0101300595078966,20.4567409640003,6.09943488361075e-06,9.33213537192445e-06
"227","g_Prevotella_9",0.000843334773658031,"Positive",4.01446492438215e-09,"Boundary",0.00241850881971932,"Positive",0.000541740177265376,"Positive",0.0121686657980416,"Positive",0.151419385318979,0.0233051090063354,51.4276115487737,7.42850225776692e-13,6.31422691910188e-12
"228","g_Prevotellaceae_NK3B31_group",5.96767026868907e-05,"Positive",1.35740005802185e-10,"Boundary",6.12706167320246e-05,"Positive",5.38921507708494e-05,"Positive",0.00134139859137689,"Positive",0.0404096248471128,0.0116743535322829,15.6642349719623,7.56410870035307e-05,0.000100635533143828
"229","g_Prevotellaceae_UCG-003",7.86585150120545e-05,"Positive",2.16492548032354e-10,"Boundary",0.000225405275031192,"Positive",9.65769835911049e-05,"Positive",0.00213940464535856,"Positive",0.0887406398854371,0.0168406730722345,38.9588004470424,4.32844649012054e-10,1.10375385498074e-09
"230","g_Prevotellaceae_UCG-004",4.31140784749442e-05,"Positive",8.3520207724313e-11,"Boundary",8.09265414589561e-05,"Positive",4.85606975587479e-05,"Positive",0.000825356447650123,"Positive",0.081092143889021,0.0159489516901385,51.4473570898845,7.35411731511704e-13,6.31422691910188e-12
"231","g_Rikenellaceae_RC9_gut_group",0.000463585689794221,"Positive",8.44004196435182e-05,"Positive",0.00134037151019234,"Positive",0.00038962932544267,"Positive",0.00678647742280028,"Positive",0.147871010993544,0.0230201569334112,64.5633437747601,8.88178419700125e-16,2.26485497023532e-14
"232","g_Ruminiclostridium_6",4.52328898301635e-05,"Positive",8.08055872056266e-06,"Positive",9.4045271663289e-05,"Positive",4.95666226235267e-05,"Positive",0.000988791299543699,"Positive",0.0793151317117558,0.0166141225844138,37.9561852062616,7.23513360334493e-10,1.78544426018028e-09
"233","g_Ruminiclostridium_9",2.31743190827827e-05,"Positive",1.53446063174414e-06,"Positive",6.88865537603235e-06,"Positive",6.1647590564787e-06,"Positive",0.00032868101309443,"Positive",0.0187986985156286,0.00674151776871452,11.9333214358048,0.000551387851680074,0.000653971638039158
"234","g_Ruminococcaceae_NK4A214_group",2.62903701632255e-05,"Positive",2.93153686031682e-11,"Boundary",3.26061471874503e-05,"Positive",6.78266799676684e-06,"Positive",0.00028969789648669,"Positive",0.0917508364058186,0.0146680708876519,63.6113402665505,1.55431223447522e-15,3.39728245535298e-14
"235","g_Ruminococcaceae_UCG-002",5.22641364580451e-05,"Positive",5.83869130742233e-06,"Positive",6.36594826802349e-05,"Positive",5.20083614319894e-05,"Positive",0.000491352806624848,"Positive",0.0957107736198969,0.0201761809985787,42.0355806378939,8.96276386441741e-11,2.74260574251173e-10
"236","g_Ruminococcaceae_UCG-003",9.75079424202008e-06,"Positive",1.29062247025326e-11,"Boundary",7.36047100185185e-07,"Positive",3.27205580452337e-06,"Positive",0.000127540819920108,"Positive",0.00520911894400302,0.00446469802489132,1.84301175014116,0.174598361581943,0.176910922662499
"237","g_Ruminococcaceae_UCG-005",5.51143316706336e-05,"Positive",8.49183265939815e-11,"Boundary",7.79471091720098e-05,"Positive",3.35248006733418e-05,"Positive",0.000839172821616423,"Positive",0.0775007707591617,0.0149142169533342,42.6457150266942,6.56079635064089e-11,2.04857518703685e-10
"238","g_Ruminococcaceae_UCG-008",0.000107220661436733,"Positive",8.95749884388752e-11,"Boundary",1.99806080789209e-05,"Positive",1.74831693045621e-05,"Positive",0.000885190497852284,"Positive",0.0194010026165246,0.00637233623233283,14.4151496139821,0.00014661803612781,0.000190106436674195
"239","g_Ruminococcaceae_UCG-009",1.53196456100773e-05,"Positive",5.64311999286304e-07,"Positive",4.27818587013126e-05,"Positive",2.25382781756071e-05,"Positive",0.000307245819016172,"Positive",0.110134813303394,0.020446298814119,44.5521816671535,2.47667442110355e-11,9.47327966072109e-11
"240","g_Ruminococcaceae_UCG-010",1.74169335233169e-05,"Positive",1.98623123697755e-11,"Boundary",1.54521626985146e-05,"Positive",1.19653238441809e-05,"Positive",0.000196281690698703,"Positive",0.0640859765720814,0.0149417764756206,30.5042023211427,3.33144091202442e-08,6.79613946052982e-08
"241","g_Ruminococcaceae_UCG-011",7.52498387394931e-06,"Positive",1.74702202958215e-06,"Positive",1.91364926542216e-05,"Positive",6.17360350589136e-06,"Positive",0.000140583939472569,"Positive",0.109247731388994,0.0190053967825091,46.6583148977661,8.45079561884177e-12,4.3099057656093e-11
"242","g_Ruminococcaceae_UCG-013",3.60279273373143e-05,"Positive",3.84134123998157e-11,"Boundary",2.39029397078957e-05,"Positive",2.5917717253759e-05,"Positive",0.000379605827910336,"Positive",0.0513539824915558,0.0145020180099122,17.3442761283659,3.11836054781578e-05,4.3771482918882e-05
"243","g_Ruminococcaceae_UCG-014",0.000250285453826912,"Positive",3.34341387172238e-10,"Boundary",0.000410691680652311,"Positive",0.000257264041595066,"Positive",0.00330400063814212,"Positive",0.0972686232106778,0.0190367389862692,49.2863557444507,2.21200835426316e-12,1.35374911280906e-11
"244","g_Ruminococcus_1",7.54158827954089e-05,"Positive",1.13455116529862e-10,"Boundary",0.000125338452931045,"Positive",2.30331971259547e-05,"Positive",0.00112117671277724,"Positive",0.0931909102902445,0.0154313409134768,58.5190670753364,2.00950367457153e-14,3.07454062209445e-13
"245","g_Senegalimassilia",1.34788516928718e-05,"Positive",8.27786208454549e-11,"Boundary",2.21908797726791e-05,"Positive",1.16398417634598e-05,"Positive",0.000222393234445268,"Positive",0.0822789838678219,0.0156425648823875,46.4877710656729,9.21918097418484e-12,4.53861011273649e-11
"246","g_Slackia",9.23401400201986e-06,"Positive",9.91450184345649e-07,"Positive",1.44839197744062e-05,"Positive",6.07948306518738e-06,"Positive",0.00015367114080716,"Positive",0.0785206503271422,0.015501881818849,41.2518332807231,1.33826283388316e-10,3.90746454061044e-10
"247","g_Solobacterium",4.63312720012592e-05,"Positive",3.76125540087005e-07,"Positive",3.51942393270255e-05,"Positive",2.00189076806276e-05,"Positive",0.000623866524632246,"Positive",0.0484911357910081,0.0117843753802017,24.8013494232437,6.35529623815856e-07,1.10495491413439e-06
"248","g_Streptococcus",1.26733923102138e-05,"Positive",4.41946829933178e-11,"Boundary",4.74635279481386e-05,"Positive",9.90197489295024e-06,"Positive",0.000436737019150992,"Positive",0.0936578129888173,0.0157836770581746,49.3010994774813,2.19535500889378e-12,1.35374911280906e-11
"249","g_Succinivibrio",9.46911681246641e-05,"Positive",1.59944392685592e-10,"Boundary",0.000109760551316528,"Positive",7.76710652336072e-05,"Positive",0.00134467891503595,"Positive",0.0674701412867792,0.0158528748415875,26.0579912239045,3.31314703116981e-07,5.82656891688483e-07
"250","g_Treponema_2",6.67195898805103e-05,"Positive",3.08228830173053e-05,"Positive",0.000259519490499064,"Positive",0.000245010280975583,"Positive",0.00308198475922194,"Positive",0.0704439399949185,0.0185103035357313,18.4834410475596,1.71386918462746e-05,2.54584451697089e-05
"251","o_Aeromonadales",9.46221173041758e-05,"Positive",1.57061296133768e-10,"Boundary",0.000110019721656775,"Positive",7.74202683261083e-05,"Positive",0.00134442678264195,"Positive",0.0676424608332644,0.0158639711756618,26.1551810188976,3.15050651900073e-07,5.7384225881799e-07
"252","o_Bacteroidales",0.00133917446307096,"Positive",1.48304814502795e-09,"Boundary",0.000684583197678116,"Positive",0.000479273286684011,"Positive",0.0146556549848959,"Positive",0.0398971775116441,0.0111096567401558,16.9525460062287,3.8325886304813e-05,5.28275730147423e-05
"253","o_Betaproteobacteriales",3.56787322480717e-05,"Positive",2.27040585835118e-06,"Positive",5.9228070878411e-05,"Positive",2.87771953449116e-05,"Positive",0.000548832883239707,"Positive",0.0877729500384444,0.0169620201480419,44.0004407626984,3.28301830165856e-11,1.22512634183844e-10
"254","o_Bifidobacteriales",0.00264397627639557,"Positive",3.17937419469396e-09,"Boundary",0.00345630512147438,"Positive",0.00205106337658491,"Positive",0.031418947133667,"Positive",0.0873459526604983,0.0170673766835114,43.2390363841259,4.84444706572162e-11,1.66277724922281e-10
"255","o_Campylobacterales",2.56123856274885e-05,"Positive",5.47000175057473e-11,"Boundary",5.15794110583542e-05,"Positive",3.22778368785638e-05,"Positive",0.000540551961795476,"Positive",0.0793502971071826,0.0177457027630096,26.5015085373307,2.6333239455667e-07,4.91339711794763e-07
"256","o_Clostridiales",0.00175311498707767,"Positive",1.4006006746249e-09,"Boundary",0.00127709954621603,"Positive",0.000618509358747653,"Positive",0.0138408994527471,"Positive",0.0730204086598662,0.0151079512326907,37.3536413708498,9.85367343275811e-10,2.21707652237058e-09
"257","o_Coriobacteriales",0.000176361783626586,"Positive",2.06030456106974e-05,"Positive",0.000202787153075752,"Positive",9.78167345908198e-05,"Positive",0.00153832886227812,"Positive",0.0996057734678542,0.0186531537233438,49.7031836007081,1.78856929267113e-12,1.18978739903775e-11
"258","o_Desulfovibrionales",3.01535108480125e-05,"Positive",7.63193099042463e-11,"Boundary",8.65914455027497e-05,"Positive",6.26356975998324e-05,"Positive",0.000754196334348206,"Positive",0.092752327348756,0.0203151624112955,29.381789246414,5.94335233250476e-08,1.15105431249776e-07
"259","o_Elusimicrobiales",5.28338475065956e-05,"Positive",2.0830662754426e-10,"Boundary",8.86459354414219e-05,"Positive",8.64202687399778e-05,"Positive",0.0020585104230034,"Positive",0.0387707843129854,0.0118984781188845,14.2744870816387,0.000157991860939455,0.000193382037789893
"260","o_Enterobacteriales",1.77865413295297e-05,"Positive",5.68218333405181e-11,"Boundary",1.89908192413489e-05,"Positive",1.3264139575913e-05,"Positive",0.000561519993696629,"Positive",0.0310529973977122,0.009615151142262,11.5554948729696,0.000675493267439209,0.000782958105440901
"261","o_Erysipelotrichales",6.75079466265348e-05,"Positive",1.16689215219252e-10,"Boundary",2.39122224587739e-05,"Positive",3.07133692691469e-05,"Positive",0.00115313645375916,"Positive",0.0187507119422894,0.00746440448068994,8.0812561926723,0.00447254316968326,0.00478530842630447
"262","o_Gastranaerophilales",0.00011072569612057,"Positive",9.97788730325193e-06,"Positive",7.80704096136565e-05,"Positive",0.000139727902606161,"Positive",0.00255880093734393,"Positive",0.0269458921327716,0.0105695653439877,8.39933434790873,0.00375358433832018,0.00410213145544991
"263","o_Lactobacillales",3.88911609373681e-05,"Positive",1.03256748820798e-10,"Boundary",0.000120050562074776,"Positive",4.19094714262061e-05,"Positive",0.00102039525193645,"Positive",0.0983016591621044,0.0172844939436465,48.1997272745939,3.84936527098034e-12,2.10340316592854e-11
"264","o_Methanomassiliicoccales",0.000372458609126726,"Positive",1.96628459813211e-10,"Boundary",0.000668906675070936,"Positive",0.000425702905277654,"Positive",0.00433043591654925,"Positive",0.115378383551149,0.0216450868743336,45.1407041749917,1.83374426754312e-11,7.58278034957022e-11
"265","o_Mollicutes_RF39",0.000274524208271246,"Positive",6.67945073583017e-10,"Boundary",0.000551596290284465,"Positive",0.000314833237497099,"Positive",0.00364122352529059,"Positive",0.115344158757919,0.0216204160700786,48.9446837353462,2.63289390289856e-12,1.54935679670569e-11
"266","o_Pasteurellales",5.5131791418475e-05,"Positive",5.69532009432892e-11,"Boundary",4.28870532573739e-05,"Positive",1.69610508701541e-05,"Positive",0.000562818183690568,"Positive",0.0632740796521846,0.0126565170703096,44.8452697905304,2.13234985224631e-11,8.36537249727397e-11
"267","o_Rickettsiales",1.22913010463986e-05,"Positive",1.46177885404225e-07,"Positive",1.03497552473441e-06,"Positive",5.63444520070014e-07,"Positive",8.51477636937434e-05,"Positive",0.0104349395542518,0.00432482256063133,6.35976795479655,0.0116736809645566,0.0121501577386201
"268","o_Selenomonadales",0.000559090031122157,"Positive",6.03611675858843e-05,"Positive",0.00022159080277644,"Positive",0.000205054152022928,"Positive",0.00498492747383803,"Positive",0.0367418230251527,0.0108776503559666,18.0348692773259,2.16895596852895e-05,3.13066286023518e-05
"269","o_Spirochaetales",6.777729673042e-05,"Positive",3.18777746933018e-05,"Positive",0.000275788986380357,"Positive",0.000240533250747317,"Positive",0.00300482693176502,"Positive",0.076167880966759,0.0191439430057431,20.4814646696323,6.02115177195106e-06,9.30541637483346e-06
"270","o_Victivallales",0.000101401906163674,"Positive",2.03483008853192e-06,"Positive",0.000180553090993102,"Positive",0.00023989908618092,"Positive",0.00224658573226907,"Positive",0.0651704541940642,0.01738484107896,24.6117804704409,7.01217496734685e-07,1.16624349511347e-06
"271","o_WCHB1-41",0.00184946214135147,"Positive",2.16010709448091e-09,"Boundary",0.00322092360416077,"Positive",0.000974518013943274,"Positive",0.0213464306019153,"Positive",0.117589136318164,0.0202813260831795,41.0082125649351,1.51590850983041e-10,4.07218241583214e-10
"272","asv_richness",4337.45015847881,"Positive",0.000515398005972312,"Boundary",727.317715391493,"Positive",360.16010231012,"Positive",3191.20861695578,"Positive",0.0844134333321009,0.0149001815051389,70.6019103299477,0,0
"273","p_Actinobacteria",0.00275285761994308,"Positive",3.23424180664974e-09,"Boundary",0.00375783886647601,"Positive",0.00221423377165332,"Positive",0.0319611552833922,"Positive",0.0923617624488843,0.0177142554819352,45.2683710927377,1.7180146194562e-11,7.58278034957022e-11
"274","p_Bacteroidetes",0.00144954603371826,"Positive",1.49613717167173e-09,"Boundary",0.000561995264663641,"Positive",0.000455603990795451,"Positive",0.0147850022749502,"Positive",0.032575377287809,0.00982380051340074,14.3432738131669,0.000152322909815594,0.000193382037789893
"275","p_Cyanobacteria",0.000261879207196417,"Positive",2.0745332495697e-05,"Positive",6.94590243735671e-05,"Positive",5.97395374635109e-05,"Positive",0.00274186334870909,"Positive",0.0220247083752791,0.00777342406314891,10.7101901713468,0.00106547077251495,0.00119865461907932
"276","p_Elusimicrobia",5.28338475065956e-05,"Positive",2.0830662754426e-10,"Boundary",8.86459354414219e-05,"Positive",8.64202687399778e-05,"Positive",0.0020585104230034,"Positive",0.0387707843129854,0.0118984781188845,14.2744870816387,0.000157991860939455,0.000193382037789893
"277","p_Epsilonbacteraeota",2.56123856274885e-05,"Positive",5.47000175057473e-11,"Boundary",5.15794110583542e-05,"Positive",3.22778368785638e-05,"Positive",0.000540551961795476,"Positive",0.0793502971071826,0.0177457027630096,26.5015085373307,2.6333239455667e-07,4.91339711794763e-07
"278","p_Euryarchaeota",0.000378145998813127,"Positive",2.67201890870667e-09,"Boundary",0.000692406814482935,"Positive",0.000429577799209847,"Positive",0.00435013608071934,"Positive",0.118354689545827,0.021944026770244,46.4305254789651,9.49251788284755e-12,4.53861011273649e-11
"279","p_Firmicutes",0.00146659257591716,"Positive",1.41919106132888e-09,"Boundary",0.000872696803702646,"Positive",0.000430904619337205,"Positive",0.0140246118254593,"Positive",0.0519622994800862,0.0116400288207889,31.4355338093446,2.06172975358854e-08,4.38117572637564e-08
"280","p_Kiritimatiellaeota",0.00184957936627216,"Positive",2.16022487689436e-09,"Boundary",0.00322284348576274,"Positive",0.000974316534734346,"Positive",0.0213475945414815,"Positive",0.117646343950585,0.0202872417375576,41.0066936957301,1.51708756668256e-10,4.07218241583214e-10
"281","p_Lentisphaerae",0.000101401296578182,"Positive",2.03445956973159e-06,"Positive",0.000180551802717315,"Positive",0.000239901989970161,"Positive",0.00224659742299079,"Positive",0.0651696992454377,0.0173847464512952,24.6116345445625,7.01270598368886e-07,1.16624349511347e-06
"282","p_Proteobacteria",0.000125154400767251,"Positive",1.99027334533386e-10,"Boundary",0.000144235873891803,"Positive",7.34706401449281e-05,"Positive",0.00196681136567538,"Positive",0.0624486264488066,0.0137127615506992,29.8706569061615,4.61849877231302e-08,9.29776726531436e-08
"283","p_Spirochaetes",6.62681156658804e-05,"Positive",3.22832287980727e-05,"Positive",0.000236948363272637,"Positive",0.000226284275920151,"Positive",0.0029195408446915,"Positive",0.068062698816031,0.0181905786556784,17.9795696962392,2.23288616632011e-05,3.19281853688764e-05
"284","p_Tenericutes",0.000363082537855113,"Positive",4.5653751241661e-10,"Boundary",0.000721237291021847,"Positive",0.000377783147969873,"Positive",0.00451155701996066,"Positive",0.120736238133184,0.0220148887391887,51.5445769294456,6.99884594723699e-13,6.31422691910188e-12
"285","pc1_bc",0.0019430733793671,"Positive",1.55530818276043e-09,"Boundary",0.00698898231080077,"Positive",0.00227839653626943,"Positive",0.0219570164472491,"Positive",0.210717979470472,0.0293007093160163,68.1234563241596,1.11022302462516e-16,8.49320613838245e-15
"286","pc2_bc",0.00256162801941712,"Positive",1.07219294765859e-08,"Boundary",0.00176638591186855,"Positive",0.00155311841373075,"Positive",0.0193198403840388,"Positive",0.0700919436459345,0.0164519847479864,30.9404541139156,2.66067530230174e-08,5.5764838527694e-08
"287","pc3_bc",0.000486860154461108,"Positive",6.17003558103544e-05,"Positive",0.00030275699127565,"Positive",0.000290881658136996,"Positive",0.0106483288888737,"Positive",0.0256779840587956,0.0083649075399909,15.0066108243627,0.000107135212903064,0.000140099893796315
"288","pc4_bc",0.000723170281781286,"Positive",9.61632496970882e-10,"Boundary",0.000905563290146974,"Positive",0.000219958504747991,"Positive",0.00950296465095786,"Positive",0.0797736608110739,0.0147568816929563,39.4920633487054,3.29395399845112e-10,8.54194850445798e-10
"289","pc5_bc",0.000362059659496079,"Positive",1.00773398967215e-05,"Positive",0.000131902407136197,"Positive",7.29689148704792e-05,"Positive",0.00729030782627501,"Positive",0.0167658709349295,0.00586603817845217,10.6035629085527,0.0011286995034463,0.00126051842355681
"290","asv_shannon_h",0.039376437701844,"Positive",2.93110900142702e-08,"Boundary",0.0346810053664925,"Positive",0.0136134681918122,"Positive",0.289655614971473,"Positive",0.0919124425700984,0.0164579929386213,60.7012264239384,6.66133814775094e-15,1.15130127653629e-13
