"","phenotype","Vplate","Vplate_constraint","Vmom","Vmom_constraint","VA","VA_constraint","VI","VI_constraint","VR","VR_constraint","heritability","heritability_se","VA_LRT_chi","VA_LRT_p","p_adjust","hydro_year","number_samples","number_snames"
"1","pc1_bc",0.000777060612221017,"Positive",0.000852314739073967,"Positive",0.00394864966906649,"Positive",0.00464850411364288,"Positive",0.0208261520047282,"Positive",0.127159701651052,0.0727441134082269,-255.330399588164,1,1,2004,1023,216
"2","g_Christensenellaceae_R-7_group",1.47678044356804e-05,"Positive",4.41597993579851e-11,"Boundary",9.60770708512944e-05,"Positive",0.000161957587276882,"Positive",0.000704470087907147,"Positive",0.0983114346796869,0.0678409345378977,2.43453030909495,0.118689440968643,0.151785535084899,2004,1023,216
"3","g_Rikenellaceae_RC9_gut_group",0.000478939124405147,"Positive",7.51318340588368e-10,"Boundary",0.00293883540136769,"Positive",1.29916516058802e-09,"Boundary",0.00742461559350128,"Positive",0.271050461499161,0.0359034021611159,13.5622273841609,0.000230783066522133,0.00306941478474437,2007,1237,206
"4","g_Ruminococcaceae_UCG-009",4.97721989471472e-06,"Positive",2.82925513689491e-11,"Boundary",0.000118201989933912,"Positive",2.20948290224555e-11,"Boundary",0.000279590297116045,"Positive",0.293472999093782,0.0367364735634531,15.452944397297,8.45850636889134e-05,0.00244862504336958,2007,1237,206
"5","g_Ruminococcaceae_UCG-011",2.40897223312507e-06,"Positive",1.14495301367607e-11,"Boundary",2.41996003285788e-05,"Positive",2.95626295868861e-06,"Positive",0.000113145594083442,"Positive",0.169571337247354,0.0572660147392319,13.0769109458233,0.000298958068857935,0.00331345192984211,2007,1237,206
"6","o_Mollicutes_RF39",0.000431845697111521,"Positive",3.45441548733495e-10,"Boundary",0.00076320724076336,"Positive",0.000494282758029959,"Positive",0.00341369373115719,"Positive",0.149559629237461,0.0619645322067783,8.33557719461714,0.00388761245321423,0.0166906919954317,2008,1636,209
"7","o_WCHB1-41",0.00175950622353186,"Positive",7.26626973457705e-05,"Positive",0.00192189891595584,"Positive",0.00124507360489244,"Positive",0.0181684851022276,"Positive",0.0829562282657493,0.049483672657971,2.54527398439132,0.110624719375621,0.145034595370131,2008,1636,209
"8","f_Prevotellaceae",0.000762183395641816,"Positive",0.000253397659994913,"Positive",0.00192759784715635,"Positive",0.00157584781837242,"Positive",0.0114675965296547,"Positive",0.120575672355164,0.0655250817003544,3.40506051764987,0.0649967300663741,0.0971299449306489,2008,1636,209
"9","g_CAG-873",8.1563900790706e-05,"Positive",2.3096903513255e-10,"Boundary",0.000327039711966381,"Positive",0.00031200079565568,"Positive",0.00228246298169448,"Positive",0.108901880753911,0.0587754059153659,4.0730293759425,0.0435730634692502,0.0715458943383985,2008,1636,209
"10","g_Candidatus_Methanogranum",0.000553443661717431,"Positive",3.65528620219425e-10,"Boundary",0.00100078007495402,"Positive",0.000901683276497876,"Positive",0.00361219651769295,"Positive",0.164924676973519,0.071219089270365,6.99026683964621,0.00819541349150299,0.0242219998748866,2008,1636,209
"11","g_Christensenellaceae_R-7_group",2.56682887584927e-05,"Positive",8.84506650091824e-11,"Boundary",0.000111644789291607,"Positive",0.000117425126190184,"Positive",0.000874079802402338,"Positive",0.0989041456519002,0.0644861227250561,1.80394075337972,0.179236806199119,0.209476257580789,2008,1636,209
"12","g_Collinsella",9.87968382517737e-05,"Positive",9.3736762836935e-11,"Boundary",0.00030012214459589,"Positive",9.03093224777973e-05,"Positive",0.000926317638537112,"Positive",0.212018639185255,0.0677792320469777,11.3175801642574,0.000767767022398447,0.0054767602387118,2008,1636,209
"13","g_Collinsella",7.48553548014223e-05,"Positive",4.4369404607826e-05,"Positive",0.000135194208217839,"Positive",0.000185367747143311,"Positive",0.00119282733503486,"Positive",0.0828084311990122,0.0580818329619584,2.67337826307175,0.102039222826593,0.137379767703506,2004,1023,216
"14","g_Family_XIII_AD3011_group",2.71763326191529e-05,"Positive",3.69251934486544e-11,"Boundary",0.000138932868260776,"Positive",1.52652481690436e-05,"Positive",0.000364899074415295,"Positive",0.254328377455657,0.0737508948096579,9.58470733664399,0.00196204711183778,0.0100366256105548,2008,1636,209
"15","g_Libanicoccus",5.43334215035673e-06,"Positive",7.73432646777598e-06,"Positive",7.24832978110409e-05,"Positive",1.62635189549124e-05,"Positive",0.000157583225942452,"Positive",0.27932153019967,0.0788217456246847,12.6158057649809,0.000382498619987404,0.00391325511217883,2008,1636,209
"16","g_Prevotella_2",2.80506291021927e-05,"Positive",9.1487284768222e-11,"Boundary",0.000309666289981396,"Positive",1.85904706055739e-05,"Positive",0.000904088033529565,"Positive",0.245689774652702,0.0644072775236486,14.6137045157066,0.000131951471960989,0.00250707796725879,2008,1636,209
"17","g_Prevotella_9",0.000642313053768668,"Positive",0.000376337310477676,"Positive",0.0021498391470872,"Positive",0.00123924812897616,"Positive",0.00971429306840298,"Positive",0.152233003272032,0.0688614872205267,5.24769593734163,0.0219758513469778,0.049193603996092,2008,1636,209
"18","g_Rikenellaceae_RC9_gut_group",0.000179955753875225,"Positive",6.95004678001615e-05,"Positive",0.00313358221095079,"Positive",2.6044113047841e-10,"Boundary",0.00619445339209494,"Positive",0.327181916005489,0.0425424888807242,27.6962809478873,1.41935321384956e-07,1.88773977441991e-05,2008,1636,209
"19","g_Ruminococcaceae_UCG-009",9.31521959427416e-06,"Positive",1.07353340088736e-10,"Boundary",6.6199956332387e-05,"Positive",4.97937390734802e-05,"Positive",0.000318364483548994,"Positive",0.149208720943861,0.0702590105191209,4.93727316556397,0.0262834703620509,0.0534427271204172,2008,1636,209
"20","g_Ruminococcaceae_UCG-011",6.55290634069192e-06,"Positive",4.87037866710398e-06,"Positive",4.07182133135873e-05,"Positive",2.37483914364293e-06,"Positive",0.00011759575133693,"Positive",0.236579624342602,0.0686148449739045,10.9432372402061,0.000939458828551509,0.00594990591415956,2008,1636,209
"21","o_Mollicutes_RF39",0.000236304631785627,"Positive",3.72489684147727e-10,"Boundary",0.0016337248684035,"Positive",0.000290888938182103,"Positive",0.00368098656446454,"Positive",0.279656167541482,0.072967107569237,14.9488685125452,0.000110464287670808,0.00244862504336958,2009,1678,236
"22","o_WCHB1-41",0.00188780159613857,"Positive",1.88202497133369e-05,"Positive",0.00295773904125237,"Positive",0.0055790163226336,"Positive",0.0186770738617646,"Positive",0.101569135518881,0.0652820915135998,2.51958583121359,0.112440112988259,0.145189660460567,2009,1678,236
"23","f_Prevotellaceae",0.000656766585682716,"Positive",0.000232556599439648,"Positive",0.00520284198216658,"Positive",0.000454710196329725,"Positive",0.0104198144998114,"Positive",0.306650385198634,0.0712668719204327,16.5281476974496,4.79331977353281e-05,0.00212503843293288,2009,1678,236
"24","g_Family_XIII_AD3011_group",8.70771293784695e-06,"Positive",4.34487303891816e-11,"Boundary",8.01840719643712e-05,"Positive",6.87040057900247e-05,"Positive",0.000429365428391813,"Positive",0.136608797007098,0.0708786659885428,4.37682675540418,0.0364307607873974,0.0629258595418682,2004,1023,216
"25","g_CAG-873",0.000151958648707631,"Positive",1.08132111710051e-10,"Boundary",0.000277177461053365,"Positive",0.000365792945984003,"Positive",0.00167441849194186,"Positive",0.11224724084525,0.0616404393186154,3.239894123064,0.0718652822760792,0.106200917141317,2009,1678,236
"26","g_Candidatus_Methanogranum",7.57597657144942e-05,"Positive",0.000267383321258835,"Positive",0.00126580667529047,"Positive",0.000381567622193071,"Positive",0.0033747798328403,"Positive",0.235924800439692,0.0760896214433747,9.74958408855491,0.00179363291520218,0.00993971573841208,2009,1678,236
"27","g_Christensenellaceae_R-7_group",2.99567108122525e-05,"Positive",7.43829691815056e-11,"Boundary",9.69641308117865e-05,"Positive",0.00013003645039794,"Positive",0.000735061189167092,"Positive",0.0977442712811686,0.0623821417797574,1.80133587537421,0.179551077926391,0.209476257580789,2009,1678,236
"28","g_Collinsella",9.93035534803861e-05,"Positive",9.21464671310355e-11,"Boundary",0.0001513078160811,"Positive",0.00024604746951106,"Positive",0.000910602150629479,"Positive",0.107519363700694,0.0649730968255287,2.7418159192639,0.0977536246609185,0.134033320411362,2009,1678,236
"29","g_Family_XIII_AD3011_group",1.57825024874153e-05,"Positive",3.19122656468383e-11,"Boundary",8.21380844582642e-05,"Positive",7.64935694871833e-05,"Positive",0.000315360736382294,"Positive",0.167705777309806,0.066924451514381,7.64455042483132,0.00569440864380333,0.0199304302533117,2009,1678,236
"30","g_Libanicoccus",9.45197632797718e-06,"Positive",5.91507718484487e-06,"Positive",5.48434550943539e-05,"Positive",3.85428810307011e-05,"Positive",0.000189851937900796,"Positive",0.183665360381928,0.0709061155298292,7.4246841205204,0.00643351180455209,0.0208696846342787,2009,1678,236
"31","g_Prevotella_2",1.84031602508027e-05,"Positive",8.63638332422765e-11,"Boundary",0.000616839931023879,"Positive",5.358532489327e-10,"Boundary",0.000853457487145866,"Positive",0.414347708431805,0.033531179087005,25.1592719501223,5.27852562104414e-07,3.51021953799435e-05,2009,1678,236
"32","g_Prevotella_9",0.000275162630346859,"Positive",5.68376618032381e-05,"Positive",0.00332451447462067,"Positive",0.00107581967950678,"Positive",0.00776914019662355,"Positive",0.265929785851982,0.0765090900064706,11.1184530782321,0.000854730445057461,0.00568395745963212,2009,1678,236
"33","g_Rikenellaceae_RC9_gut_group",5.97542092683297e-05,"Positive",1.10346997881293e-05,"Positive",0.00267578820116271,"Positive",0.000607484410879896,"Positive",0.00549754893546797,"Positive",0.302293940101887,0.0779132180383678,13.3181938560811,0.000262843235312893,0.00317801366332862,2009,1678,236
"34","g_Ruminococcaceae_UCG-009",1.7612420092343e-05,"Positive",3.08778375224188e-11,"Boundary",7.14679798503502e-05,"Positive",4.1215266078514e-05,"Positive",0.00030513839683857,"Positive",0.164130418077496,0.0640181202567625,6.65912231036964,0.00986494915987612,0.0279157071970963,2009,1678,236
"35","g_Libanicoccus",3.88927750069968e-06,"Positive",1.45608254671737e-11,"Boundary",2.81041369573126e-05,"Positive",5.16090507929109e-05,"Positive",0.00014389177792887,"Positive",0.123537786124501,0.0728172867360208,4.004684519281,0.0453739879671956,0.0735943951175246,2004,1023,216
"36","g_Ruminococcaceae_UCG-011",6.43809322020587e-06,"Positive",1.32686030321552e-11,"Boundary",3.28863040743384e-05,"Positive",4.87572102983704e-06,"Positive",0.000131121884898178,"Positive",0.187576578985995,0.0592093777178568,8.17220803503005,0.00425370933550606,0.0166906919954317,2009,1678,236
"37","pc1_bc",0.00282405572538535,"Positive",1.77376311872357e-09,"Boundary",0.00757655875639774,"Positive",0.00104474284767747,"Positive",0.0175285343096234,"Positive",0.261496052616742,0.0686433287138795,13.8597237296108,0.000196974863043153,0.00291085075385993,2002,2108,172
"38","pc1_bc",0.00316365271794234,"Positive",0.00103175900198961,"Positive",0.00555687892234877,"Positive",9.52943903418459e-10,"Boundary",0.0179606385109677,"Positive",0.200515748463102,0.0446962822744401,12.32035395824,0.000448045731909597,0.00421932306453634,2003,1390,175
"39","pc1_bc",0.00807754828561837,"Positive",1.76661468804237e-09,"Boundary",0.00507288186826824,"Positive",0.00420476612076773,"Positive",0.0174578926827157,"Positive",0.14571765283607,0.0675989420595164,5.13271238189827,0.023479009178375,0.0503662616245786,2007,1237,206
"40","pc1_bc",0.00192100215763259,"Positive",1.87401701214821e-09,"Boundary",0.00675772152930298,"Positive",0.00426001914659465,"Positive",0.0185192549938102,"Positive",0.214817267259729,0.0781287445356011,8.13131173438887,0.00435072592367725,0.0166906919954317,2008,1636,209
"41","pc1_bc",0.00074935920088003,"Positive",2.01779209552873e-09,"Boundary",0.00938251283888832,"Positive",0.00653335938240016,"Positive",0.0199400571602899,"Positive",0.256315758870771,0.0864679863445149,8.30690387047343,0.00394946597377577,0.0166906919954317,2009,1678,236
"42","g_Prevotella_2",1.80501222300243e-05,"Positive",7.30970975639465e-11,"Boundary",0.000142893771595279,"Positive",2.28148911411893e-05,"Positive",0.000722354055656291,"Positive",0.15769974076261,0.064004839115859,6.82713570493706,0.0089783131334098,0.0259590357987718,2004,1023,216
"43","g_Prevotella_9",0.000314729515138069,"Positive",8.62466980512032e-10,"Boundary",0.00034128678055148,"Positive",0.00124010547217508,"Positive",0.00852299943506628,"Positive",0.0327558097898574,0.0509557898736728,0.401314276370613,0.526411289289654,0.542734119965302,2004,1023,216
"44","g_Rikenellaceae_RC9_gut_group",0.000253073788715418,"Positive",8.09426496769969e-05,"Positive",0.000946057946977711,"Positive",0.000869674276528699,"Positive",0.00723094176720862,"Positive",0.100851632843802,0.0635851440385521,2.54099979880903,0.110924527638773,0.145034595370131,2004,1023,216
"45","g_Ruminococcaceae_UCG-009",2.74060250565173e-06,"Positive",1.28544750305619e-06,"Positive",4.92859025434764e-05,"Positive",1.61157871663896e-05,"Positive",0.000188398765676034,"Positive",0.191159176858265,0.0704093096684375,7.24190955840004,0.00712211934100659,0.0220288807524157,2004,1023,216
"46","g_Ruminococcaceae_UCG-011",1.1713306051077e-06,"Positive",2.74012797870824e-06,"Positive",1.34927625317871e-05,"Positive",6.01040652232606e-07,"Positive",8.72894478607149e-05,"Positive",0.128142834330287,0.0576926365093348,6.07134515275175,0.0137392288070272,0.034477687383672,2004,1023,216
"47","o_Mollicutes_RF39",0.000650433551196592,"Positive",3.01069651806718e-10,"Boundary",0.000744334015653526,"Positive",0.000290082417813137,"Positive",0.00297520546321769,"Positive",0.159726418685258,0.0592678911394461,11.2825401222344,0.000782394319815971,0.0054767602387118,2005,1068,220
"48","pc1_bc",0.00309404396882165,"Positive",0.000900936067578576,"Positive",0.00391292964673593,"Positive",0.00569420650017064,"Positive",0.0227072483425014,"Positive",0.107766404007282,0.0726789961795691,-242.855283847223,1,1,2005,1068,220
"49","o_WCHB1-41",0.00109324379571625,"Positive",0.000196218312191795,"Positive",0.00195018180010238,"Positive",0.00387248520086114,"Positive",0.0224662338737131,"Positive",0.0659327157912902,0.0591637266403489,1.43823197704478,0.230425659367939,0.259717056745219,2005,1068,220
"50","f_Prevotellaceae",0.000339460312053514,"Positive",1.68705245733237e-09,"Boundary",0.00045883157764083,"Positive",0.00184923720092503,"Positive",0.0166716494262013,"Positive",0.0237500542361959,0.0402151670511132,0.431190834988229,0.511405201482128,0.531381967165024,2005,1068,220
"51","g_CAG-873",0.000176679524310667,"Positive",4.8373711946586e-05,"Positive",0.00010034903990605,"Positive",0.000119191444843942,"Positive",0.00132158323943634,"Positive",0.0568170925980413,0.0502399794501436,1.45121977036433,0.228332330858116,0.259557264992559,2005,1068,220
"52","g_Candidatus_Methanogranum",0.000518489629640572,"Positive",5.01857356595198e-10,"Boundary",0.00133317191214461,"Positive",0.000659363843906014,"Positive",0.00495941301336007,"Positive",0.178459650072562,0.070318840281858,8.60466895706668,0.00335302309267882,0.0153776576319408,2005,1068,220
"53","g_Christensenellaceae_R-7_group",5.30295325061202e-05,"Positive",1.05500978417987e-06,"Positive",0.000113513628293615,"Positive",8.9562707704904e-05,"Positive",0.0006610625825746,"Positive",0.123623097352442,0.0614631296804106,5.21797312273884,0.0223545919609454,0.049193603996092,2005,1068,220
"54","g_Collinsella",0.000302932796911806,"Positive",5.07065374101876e-05,"Positive",0.000214834497951068,"Positive",8.67027601162279e-05,"Positive",0.00127549632777155,"Positive",0.111274414069666,0.0584261582950037,4.341070376061,0.0372035275351816,0.063436784130502,2005,1068,220
"55","g_Family_XIII_AD3011_group",7.06921195193073e-05,"Positive",5.81092736565291e-11,"Boundary",6.91893786919178e-05,"Positive",7.92733178781741e-05,"Positive",0.00057424262926875,"Positive",0.087206448708921,0.0542900338176592,3.18838245137249,0.0741633622020745,0.10839260629534,2005,1068,220
"56","g_Libanicoccus",5.73920254976259e-06,"Positive",3.60041715760998e-06,"Positive",2.85811896231172e-05,"Positive",2.92369890095959e-05,"Positive",0.000192234525553998,"Positive",0.110185178936859,0.0621964788330548,4.72955327527779,0.0296485849375667,0.0555388985450193,2005,1068,220
"57","g_Prevotella_2",1.61248383494621e-05,"Positive",1.13327518089886e-10,"Boundary",0.000115496479572211,"Positive",8.26185085296016e-05,"Positive",0.00111991577009027,"Positive",0.0865689654647179,0.0489321237936713,5.20187946891565,0.0225624800282828,0.049193603996092,2005,1068,220
"58","g_Prevotella_9",0.000201033832086013,"Positive",1.15570595079387e-09,"Boundary",0.000831200787845209,"Positive",0.001701252638063,"Positive",0.0114208211888541,"Positive",0.0587242197736871,0.0518767871233241,1.73549456903311,0.187710708648372,0.217091515219422,2005,1068,220
"59","pc1_bc",0.00353930570877335,"Positive",2.2417920941235e-09,"Boundary",0.006098201211049,"Positive",0.00356513083339771,"Positive",0.0221536513089547,"Positive",0.172478531716498,0.0729468586701005,-35.8659437561491,1,1,2011,1153,292
"60","g_Rikenellaceae_RC9_gut_group",0.000373407297561939,"Positive",0.000361675725060607,"Positive",0.000431866293526077,"Positive",0.00125453333156345,"Positive",0.00479741948311894,"Positive",0.0598243729723985,0.068220737731679,0.789719399478599,0.374184986413532,0.405947627450212,2005,1068,220
"61","g_Ruminococcaceae_UCG-009",8.85234239266391e-06,"Positive",1.70773314534938e-11,"Boundary",8.90093270763823e-06,"Positive",5.45818800094213e-05,"Positive",0.000168760184006299,"Positive",0.0369187231482794,0.0534190260551414,0.611739621188462,0.434133562904317,0.461918110930193,2005,1068,220
"62","g_Ruminococcaceae_UCG-011",8.2688309302736e-06,"Positive",2.51093116980136e-06,"Positive",1.07043624535456e-05,"Positive",6.40259110118685e-06,"Positive",0.00011592784753447,"Positive",0.0744317002128457,0.0495759907738847,2.53666445464842,0.111229539306416,0.145034595370131,2005,1068,220
"63","o_Mollicutes_RF39",0.000503659307414952,"Positive",9.92130576286499e-10,"Boundary",0.000394793750862407,"Positive",0.000585349882332534,"Positive",0.00355943789664486,"Positive",0.0782817410345212,0.056874244850655,1.94413522406558,0.163220240507794,0.199158642087492,2011,1153,292
"64","o_WCHB1-41",0.00249273839433449,"Positive",1.5510070173268e-09,"Boundary",0.00202773634781539,"Positive",0.000808325225518406,"Positive",0.0197931863238343,"Positive",0.0807156010315476,0.0494687289764753,2.36896939986264,0.123768737216852,0.156773733808013,2011,1153,292
"65","f_Prevotellaceae",0.00185162697298121,"Positive",0.000134269814021578,"Positive",0.000660624594770536,"Positive",0.00294038952723879,"Positive",0.012296744944238,"Positive",0.0369401312679855,0.0510635011780896,0.551779710316623,0.457591415960277,0.483013161291404,2011,1153,292
"66","g_CAG-873",0.000227974615858045,"Positive",2.38252363669612e-10,"Boundary",0.000321691485720168,"Positive",0.000186954326709981,"Positive",0.00235443768496941,"Positive",0.104071631505443,0.0572766880153095,2.66993612138413,0.102260127839452,0.137379767703506,2011,1153,292
"67","g_Candidatus_Methanogranum",0.00121344215168545,"Positive",3.4450146833132e-10,"Boundary",0.000445971612782079,"Positive",0.000860650044455238,"Positive",0.00340440374682423,"Positive",0.0752762307587784,0.0553739298253807,1.90908283438966,0.16706517448987,0.201996983701388,2011,1153,292
"68","g_Christensenellaceae_R-7_group",8.62313557655124e-05,"Positive",8.62648947570082e-11,"Boundary",0.000156736445660702,"Positive",4.22599064136637e-05,"Positive",0.000852479765478716,"Positive",0.137765143898739,0.0589557671493464,5.09738805459619,0.0239618994678658,0.0505862322099389,2011,1153,292
"69","g_Collinsella",0.000252028322197682,"Positive",1.10861902645102e-10,"Boundary",0.000203932847448127,"Positive",0.000143923022262315,"Positive",0.00109555027028817,"Positive",0.120283525350245,0.0525691832785757,7.59737764424972,0.00584532576120567,0.0199340596471886,2011,1153,292
"70","pc1_bc",0.00197947575775231,"Positive",0.00132428582096968,"Positive",0.00684825715657614,"Positive",0.00175960567789235,"Positive",0.0186403396151774,"Positive",0.224151126592629,0.0835859667630339,5.83638013212021,0.0156980905552795,0.0379608371609486,2012,1091,250
"71","g_Family_XIII_AD3011_group",3.276990548368e-05,"Positive",9.73953984730628e-11,"Boundary",3.49583563524861e-05,"Positive",7.06849997490575e-05,"Positive",0.000427158867540876,"Positive",0.061810595911851,0.0529481196862935,1.52808711081525,0.216399762465881,0.248113520758295,2011,1153,292
"72","g_Libanicoccus",1.73319358669464e-05,"Positive",2.1089761283492e-11,"Boundary",3.18865925768541e-05,"Positive",3.33265569962023e-05,"Positive",0.000208411484226529,"Positive",0.109592267678042,0.0620249902999522,3.5605571209453,0.0591678773462985,0.0899964618669536,2011,1153,292
"73","g_Prevotella_2",6.3459241240198e-05,"Positive",1.02960999523898e-10,"Boundary",0.000232605469565362,"Positive",0.000135709766050542,"Positive",0.00101747262284182,"Positive",0.16050089255898,0.0650962594101379,8.23266205502205,0.00411431375207605,0.0166906919954317,2011,1153,292
"74","g_Prevotella_9",0.00125698459375028,"Positive",0.000321089312105214,"Positive",0.000894007049334009,"Positive",0.00206904402986148,"Positive",0.0101388744919257,"Positive",0.0608996649309231,0.0551389160787137,1.41885887133776,0.23359131857849,0.261072650175959,2011,1153,292
"75","g_Rikenellaceae_RC9_gut_group",0.00047919392925723,"Positive",0.000249737662807909,"Positive",0.00114075535476184,"Positive",0.000617013974799246,"Positive",0.00637951373252232,"Positive",0.128663178059655,0.0623342528231532,4.89578852851082,0.0269222760681801,0.0534427271204172,2011,1153,292
"76","g_Ruminococcaceae_UCG-009",2.91678340872005e-05,"Positive",1.44937337019724e-10,"Boundary",3.80935230858509e-05,"Positive",3.15246366516216e-05,"Positive",0.000331570767667313,"Positive",0.0885161188695991,0.0534378840905194,3.00869497204803,0.0828189444592365,0.115946522242931,2011,1153,292
"77","g_Ruminococcaceae_UCG-011",2.0635545250395e-05,"Positive",1.55195909599873e-11,"Boundary",1.95467237097285e-05,"Positive",1.8227606264299e-05,"Positive",0.000153366410509888,"Positive",0.0922989191613735,0.0530204022011012,3.59304254201379,0.0580219222609463,0.0897315774500681,2011,1153,292
"78","o_Mollicutes_RF39",0.000617370123955493,"Positive",5.69625886575986e-05,"Positive",0.000716255184421586,"Positive",0.000182399221388308,"Positive",0.00382593200430177,"Positive",0.132666403800489,0.0552853319398592,7.35934014764553,0.00667152707925378,0.021126502417637,2012,1091,250
"79","o_WCHB1-41",0.00224402078264656,"Positive",1.51698903478503e-09,"Boundary",0.00243241112422868,"Positive",0.00275878214022031,"Positive",0.0149910628216731,"Positive",0.108462540346125,0.0711091155711264,1.81710934493776,0.177657744954924,0.209476257580789,2012,1091,250
"80","f_Prevotellaceae",0.00136103591924927,"Positive",0.000128765770353699,"Positive",0.00291253511918993,"Positive",0.000128765015932396,"Positive",0.0150636872170761,"Positive",0.148638248310642,0.0615725438174216,5.41854938810047,0.0199239065996827,0.0456875789268586,2012,1091,250
"81","o_Mollicutes_RF39",0.000715759813389134,"Positive",3.83248472059572e-10,"Boundary",0.000854819540117261,"Positive",0.000205634981070662,"Positive",0.00378730616320468,"Positive",0.15364722419429,0.0618790417593486,5.91874471921165,0.0149806279018513,0.0368967316841893,2004,1023,216
"82","g_CAG-873",0.000261801479392875,"Positive",7.07068995265214e-05,"Positive",8.97486651890373e-10,"Boundary",0.000444307705332845,"Positive",0.00202635444952131,"Positive",3.20168307183017e-07,1.8628162648159e-08,-5.74951536691515e-06,1,1,2012,1091,250
"83","g_Candidatus_Methanogranum",0.000188746815674406,"Positive",3.04570731695627e-10,"Boundary",0.000926474076784159,"Positive",0.000325786308853951,"Positive",0.00300980354359588,"Positive",0.208158483135918,0.0722561190313936,10.6414571716614,0.00110580511212488,0.00668509454148223,2012,1091,250
"84","g_Christensenellaceae_R-7_group",7.69945334659582e-05,"Positive",8.4477089170883e-05,"Positive",0.000148125560432107,"Positive",5.82989340554196e-05,"Positive",0.00116312140547366,"Positive",0.0967497486121182,0.0620955825580572,2.33488423499693,0.12650439469024,0.157243780315906,2012,1091,250
"85","g_Collinsella",0.000115375471228914,"Positive",6.26389370329563e-10,"Boundary",6.66465783076297e-05,"Positive",0.000256236681078881,"Positive",0.00119714942124808,"Positive",0.0407522444503624,0.0535162463938396,0.6632481991237,0.415415543606365,0.445566671771343,2012,1091,250
"86","g_Family_XIII_AD3011_group",2.99783492677615e-05,"Positive",5.30149685077928e-11,"Boundary",4.98177607997618e-05,"Positive",6.74693231721717e-05,"Positive",0.000523900110788846,"Positive",0.0742257365681577,0.0617678146848234,1.11240820331295,0.291559057097685,0.320474004909026,2012,1091,250
"87","g_Libanicoccus",1.49561266461803e-05,"Positive",1.10364881391128e-05,"Positive",1.65408409748392e-05,"Positive",3.72759147487449e-05,"Positive",0.000236761727835645,"Positive",0.0522500034315765,0.0597535099396107,0.785628511675895,0.375425249446437,0.405947627450212,2012,1091,250
"88","g_Prevotella_2",2.86994322517001e-05,"Positive",1.04867747671046e-10,"Boundary",0.000276570379567614,"Positive",0.000187309450664202,"Positive",0.0010363153307346,"Positive",0.180895636510398,0.0809771515370754,4.40948349812606,0.0357396607488472,0.0625444063104826,2012,1091,250
"89","g_Prevotella_9",0.00119085628180733,"Positive",0.000268901518578062,"Positive",0.00235412458160921,"Positive",0.000907547463848997,"Positive",0.0120280416151382,"Positive",0.140549186109734,0.0705273947406357,3.14419472776353,0.0761976044582735,0.110155232532069,2012,1091,250
"90","g_Rikenellaceae_RC9_gut_group",0.000312822877018802,"Positive",0.000181600474148546,"Positive",0.000729273773103642,"Positive",0.000999038761268637,"Positive",0.00646100018490145,"Positive",0.0839815682084174,0.0683126242168893,1.36118171698126,0.243332784700535,0.269693836376426,2012,1091,250
"91","g_Ruminococcaceae_UCG-009",3.05001025674906e-06,"Positive",1.0096736850736e-05,"Positive",2.34094708776695e-06,"Positive",6.36246008418949e-05,"Positive",0.000268781793314689,"Positive",0.00672890734895005,0.0657450608452363,0.00608634078344039,0.937816118237674,0.959458028658543,2012,1091,250
"92","o_WCHB1-41",0.000744527848270413,"Positive",0.000403954305904303,"Positive",0.00239984279149789,"Positive",0.00161311305661933,"Positive",0.021036433030089,"Positive",0.0916044967368399,0.0547368840084037,3.79091017538531,0.051531619790085,0.0815917313343012,2004,1023,216
"93","g_Ruminococcaceae_UCG-011",3.68584044417612e-05,"Positive",4.2369434435479e-06,"Positive",3.28952664817146e-05,"Positive",5.04327965829696e-05,"Positive",0.000228534087749195,"Positive",0.0931989449238191,0.0676305796011454,1.81185532269592,0.178285826661615,0.209476257580789,2012,1091,250
"94","o_Mollicutes_RF39",0.000250993273708851,"Positive",2.82854148173286e-10,"Boundary",0.000375081267286103,"Positive",0.000446341764734749,"Positive",0.00279519772879402,"Positive",0.0969800079601519,0.0512970046105002,4.89850238558392,0.0268799971406699,0.0534427271204172,2002,2108,172
"95","o_WCHB1-41",0.00390439449794108,"Positive",1.91025488375897e-09,"Boundary",0.001949336864744,"Positive",0.00103083552214424,"Positive",0.0188773618735461,"Positive",0.0756673437956908,0.0399036918378744,3.54996987715549,0.0595465311600896,0.0899964618669536,2002,2108,172
"96","f_Prevotellaceae",0.00342518423408465,"Positive",1.84239976450139e-09,"Boundary",0.00194264142890193,"Positive",0.00110008313743288,"Positive",0.0182068096597613,"Positive",0.0787300283480322,0.039474040781326,4.30668982122916,0.037962762448411,0.0639119924764388,2002,2108,172
"97","g_CAG-873",0.000311496847111138,"Positive",2.33022127445464e-10,"Boundary",0.000532912510763113,"Positive",2.28173057450292e-06,"Positive",0.00230275187972593,"Positive",0.169208484395147,0.0484726028598805,14.0469969983442,0.000178298316395931,0.00291085075385993,2002,2108,172
"98","g_Candidatus_Methanogranum",0.000709369432117421,"Positive",1.11137692748026e-05,"Positive",0.000389492764672272,"Positive",0.00055147465593219,"Positive",0.00478564709991774,"Positive",0.0604136592110805,0.0410285342853775,2.34277645002658,0.125865043118915,0.157243780315906,2002,2108,172
"99","g_Christensenellaceae_R-7_group",0.000107616556376724,"Positive",2.30296214063546e-06,"Positive",5.05729565433978e-05,"Positive",3.43057184719098e-05,"Positive",0.000625971788638623,"Positive",0.0616164792109119,0.0331937813018386,4.74994411942862,0.0292992458459598,0.0555388985450193,2002,2108,172
"100","g_Collinsella",7.36177898627769e-05,"Positive",4.36876052657926e-11,"Boundary",0.000164918272449623,"Positive",0.000131327635191235,"Positive",0.000922337678811463,"Positive",0.12762582512042,0.0544429633878708,7.48095295903113,0.00623550610095269,0.0207330577856677,2002,2108,172
"101","g_Family_XIII_AD3011_group",3.57024680872244e-05,"Positive",5.32791246712251e-11,"Boundary",4.68504361368494e-05,"Positive",1.40932764114898e-05,"Positive",0.000526510532848558,"Positive",0.0751824238067675,0.0343566090643172,6.20033303751188,0.0127726277368008,0.0333090095881276,2002,2108,172
"102","g_Libanicoccus",2.19330572463299e-05,"Positive",9.5638670590234e-11,"Boundary",2.88855569349775e-05,"Positive",2.67310930717667e-05,"Positive",0.000197925946681931,"Positive",0.104856986430496,0.0487707361739051,7.18605962837682,0.00734721497926694,0.0222086270964205,2002,2108,172
"103","f_Prevotellaceae",0.000857289879670619,"Positive",1.27660554796113e-09,"Boundary",3.35897225333633e-09,"Boundary",0.00114514200860063,"Positive",0.012615565128784,"Positive",2.29783272238946e-07,1.05923110318658e-08,-1.15771945274901e-06,1,1,2004,1023,216
"104","g_Prevotella_2",0.000230782995956348,"Positive",1.6430134319845e-10,"Boundary",0.000217985861279564,"Positive",0.00013401189703359,"Positive",0.0016236450634083,"Positive",0.0987959093393347,0.0448488271302221,6.11158536634321,0.0134298611519015,0.0343494525615942,2002,2108,172
"105","g_Prevotella_9",0.00206453002282978,"Positive",5.48943477609497e-05,"Positive",0.00230998383543194,"Positive",0.00105065741984306,"Positive",0.0129996532347545,"Positive",0.125001026955797,0.0499521402941564,7.97884007452558,0.00473272560941029,0.0170122298932856,2002,2108,172
"106","g_Rikenellaceae_RC9_gut_group",0.000287291157073872,"Positive",5.31355527284705e-10,"Boundary",0.000921701177326498,"Positive",0.000537660126727764,"Positive",0.0052509173814147,"Positive",0.131717314450246,0.0519013172543528,8.02027205725244,0.00462566212283488,0.0170122298932856,2002,2108,172
"107","g_Ruminococcaceae_UCG-009",1.17926544229005e-05,"Positive",1.24040788121362e-11,"Boundary",4.86643446045866e-05,"Positive",4.98963363700565e-05,"Positive",0.000289975837323591,"Positive",0.12156082147587,0.0595990955413502,4.77277648100426,0.028913160974228,0.0555388985450193,2002,2108,172
"108","g_Ruminococcaceae_UCG-011",5.00250997254653e-06,"Positive",7.7332103741585e-07,"Positive",5.45130977152303e-06,"Positive",4.66590815323599e-06,"Positive",7.64606702980703e-05,"Positive",0.0590264238063025,0.0337073651119669,4.49042210886546,0.0340852605209669,0.0612613466120081,2002,2108,172
"109","o_Mollicutes_RF39",0.00068290856066372,"Positive",0.00013461881517769,"Positive",0.00031457574889206,"Positive",1.24981495287867e-05,"Positive",0.00262387971656252,"Positive",0.0834754771638667,0.0400590776365723,6.46988809124923,0.010971744099573,0.0297804482702696,2003,1390,175
"110","o_WCHB1-41",0.00530533167442934,"Positive",0.0013724444368177,"Positive",0.00158180372734048,"Positive",6.49771273817383e-09,"Boundary",0.017742651942059,"Positive",0.060833367897292,0.0256217659060157,6.54107658416524,0.0105411538688179,0.0292077805115163,2003,1390,175
"111","f_Prevotellaceae",0.000727405471654061,"Positive",0.000121067730485064,"Positive",0.00213655190384795,"Positive",2.81975778124068e-09,"Boundary",0.0169631064771851,"Positive",0.107105349337036,0.0304187966584674,11.4985488894918,0.000696505449432117,0.00544913086908656,2003,1390,175
"112","g_CAG-873",0.000144457119466273,"Positive",6.24131371089491e-06,"Positive",0.000112439632429856,"Positive",2.70367720314646e-05,"Positive",0.00180516134629709,"Positive",0.0536618578402373,0.0373667192887803,2.03725836219746,0.153486065554142,0.189015247395379,2003,1390,175
"113","g_Candidatus_Methanogranum",0.000650610276679552,"Positive",2.70134640885488e-10,"Boundary",0.000839761049409935,"Positive",0.000344351196928168,"Positive",0.00412136040164508,"Positive",0.140992162457278,0.0527726403497464,9.64141501635004,0.00190238626335382,0.0100366256105548,2003,1390,175
"114","g_CAG-873",2.99435807840394e-05,"Positive",1.78516727291069e-06,"Positive",0.000259357481419839,"Positive",0.000163046104708898,"Positive",0.0019762478749787,"Positive",0.106714776742282,0.0564909542408121,4.4407396710485,0.0350910411365832,0.0622281129488742,2004,1023,216
"115","g_Christensenellaceae_R-7_group",6.93080198952917e-05,"Positive",8.24876808893066e-06,"Positive",9.5030658658368e-05,"Positive",9.36927827207302e-06,"Positive",0.000765810693957845,"Positive",0.100267910424078,0.0433949519601983,8.11407522453192,0.00439228736721886,0.0166906919954317,2003,1390,175
"116","g_Collinsella",0.000160285258353198,"Positive",4.36951335528305e-05,"Positive",0.000190337439970822,"Positive",5.82437499503703e-05,"Positive",0.00113517731416563,"Positive",0.119879559826366,0.0570768118172331,4.78399184155023,0.0287254581878995,0.0555388985450193,2003,1390,175
"117","g_Family_XIII_AD3011_group",4.17192003106417e-05,"Positive",7.87548184078661e-11,"Boundary",0.000111504720735715,"Positive",5.91456187457334e-11,"Boundary",0.000778264313841319,"Positive",0.119705971639733,0.0268972711930505,10.3681586400107,0.00128207356914845,0.00741372976942365,2003,1390,175
"118","g_Libanicoccus",4.67779835279259e-06,"Positive",1.07555306480624e-05,"Positive",2.67632838440095e-05,"Positive",1.01374546233757e-05,"Positive",0.000191798626359636,"Positive",0.109625971943269,0.0602606494246919,3.87527213837166,0.049002365070884,0.078521862101537,2003,1390,175
"119","g_Prevotella_2",1.19111439478005e-05,"Positive",1.67871977816962e-06,"Positive",0.000183933367851925,"Positive",5.87936035804686e-05,"Positive",0.00113186921004046,"Positive",0.132499075673666,0.0494869883880497,12.207947846473,0.000475863503519136,0.00421932306453634,2003,1390,175
"120","g_Prevotella_9",0.000387629177083277,"Positive",1.20920982698949e-09,"Boundary",0.00211370909722875,"Positive",0.00045392202141697,"Positive",0.0119495527425171,"Positive",0.141813850353051,0.0500097315211134,15.1221181700303,0.000100775635732409,0.00244862504336958,2003,1390,175
"121","g_Rikenellaceae_RC9_gut_group",0.00226824253319853,"Positive",6.81263529392286e-05,"Positive",0.000740039178196782,"Positive",0.000605501830321121,"Positive",0.00590801492375134,"Positive",0.0771684024859447,0.0440324370756502,4.10927071584774,0.0426487493765864,0.0709035458385749,2003,1390,175
"122","g_Ruminococcaceae_UCG-009",3.19129743053829e-05,"Positive",3.87943807533226e-11,"Boundary",2.24704987871563e-05,"Positive",2.52722319056715e-05,"Positive",0.000222677549204017,"Positive",0.0743236001713126,0.0476581766272243,3.0088437452996,0.08281134304312,0.115946522242931,2003,1390,175
"123","g_Ruminococcaceae_UCG-011",1.05765509346449e-05,"Positive",7.07494154009103e-06,"Positive",1.3012088136574e-05,"Positive",2.50619576595547e-07,"Positive",9.86666588522198e-05,"Positive",0.100416745443436,0.0495988053403644,5.78581589713576,0.0161559973420586,0.0383704936873892,2003,1390,175
"124","o_Mollicutes_RF39",0.00080883385300866,"Positive",3.21022495182394e-10,"Boundary",0.000415950143944874,"Positive",0.000468381867521184,"Positive",0.00317238179189046,"Positive",0.0854888587838362,0.0528072464333264,3.10500815431351,0.0780518403662189,0.1116225243947,2007,1237,206
"125","g_Candidatus_Methanogranum",0.000595332833406051,"Positive",3.83039009685566e-10,"Boundary",0.000674471434819831,"Positive",0.000621721568445867,"Positive",0.00378523623156015,"Positive",0.11881269308157,0.0644481173893158,4.67524280921316,0.0306003767624734,0.0557513713617666,2004,1023,216
"126","o_WCHB1-41",0.00360866935754853,"Positive",2.22297085304039e-05,"Positive",0.000716071517540701,"Positive",0.00279499458506008,"Positive",0.0206570825767282,"Positive",0.0257588505944053,0.0425020524542635,0.441370743807965,0.506461596667162,0.530388916194744,2007,1237,206
"127","f_Prevotellaceae",0.00115186571580103,"Positive",1.17737008311601e-09,"Boundary",0.00154596716024457,"Positive",0.000824169880460437,"Positive",0.0116349086747695,"Positive",0.101997497786108,0.0530116215682205,4.939831711843,0.0262445917710895,0.0534427271204172,2007,1237,206
"128","g_CAG-873",0.000117800732358714,"Positive",1.17990238167344e-10,"Boundary",0.000356580784337143,"Positive",0.000231014883622598,"Positive",0.00228158706707698,"Positive",0.119378220249276,0.0638723755671599,3.76512098043167,0.0523320722687876,0.0818843013146912,2007,1237,206
"129","g_Candidatus_Methanogranum",0.000423967664564343,"Positive",3.32551153872001e-10,"Boundary",0.00071704869255688,"Positive",0.000596394535348605,"Positive",0.00328630934357511,"Positive",0.142732598831082,0.0761145805949335,2.96752465213285,0.0849517516982248,0.117693572665249,2007,1237,206
"130","g_Christensenellaceae_R-7_group",2.05109813648718e-05,"Positive",7.6511168789729e-11,"Boundary",0.000169182980542083,"Positive",1.6858373965526e-06,"Positive",0.000756092306263108,"Positive",0.178562477867233,0.0628221935541323,8.61389497561686,0.00333608129121965,0.0153776576319408,2007,1237,206
"131","g_Collinsella",0.000125885225516585,"Positive",9.07029763752564e-11,"Boundary",0.000145167857072329,"Positive",8.22945770344083e-05,"Positive",0.000896337406385329,"Positive",0.116163544307686,0.0548084244264345,5.71882439359342,0.0167839646284762,0.0391625841331111,2007,1237,206
"132","g_Family_XIII_AD3011_group",4.43335169511871e-05,"Positive",4.73901900621144e-11,"Boundary",8.01891236358985e-05,"Positive",2.86197640494314e-05,"Positive",0.000468315393230814,"Positive",0.129033890629653,0.0571441644948593,6.31255203482942,0.0119886151576434,0.0318897163193314,2007,1237,206
"133","g_Libanicoccus",5.30988125341626e-06,"Positive",1.59158177258612e-11,"Boundary",4.76764706183766e-05,"Positive",2.52475691205485e-05,"Positive",0.000157281969688393,"Positive",0.202434185050814,0.0751863945484891,8.67603955526465,0.00322420886205943,0.0153776576319408,2007,1237,206
"134","g_Prevotella_2",4.64434231380208e-05,"Positive",9.68291072708963e-11,"Boundary",0.000223672885028433,"Positive",5.06656832618194e-05,"Positive",0.000956876547410395,"Positive",0.175064668123602,0.0619849441779799,11.9577387661648,0.00054420875447414,0.00452373527156629,2007,1237,206
"135","g_Prevotella_9",0.0013080162794019,"Positive",9.70476362692773e-10,"Boundary",0.00165922429183751,"Positive",0.00121345012287195,"Positive",0.00959036076495951,"Positive",0.120486382600466,0.0621434676263452,4.69313367417453,0.0302833704245132,0.0557513713617666,2007,1237,206
